/*Data for the table `fee_group` */

insert  into `fee_group`(`feeGroupId`,`name`) values (1,'Các môn năng khiếu');
insert  into `fee_group`(`feeGroupId`,`name`) values (2,'Hỗ trợ hè');

/*Data for the table `fee` */

insert  into `fee`(`feeId`,`name`,`type`,`feeGroupId`) values (1,'Tiền học',0,NULL);
insert  into `fee`(`feeId`,`name`,`type`,`feeGroupId`) values (2,'Võ',1,1);
insert  into `fee`(`feeId`,`name`,`type`,`feeGroupId`) values (3,'Mỹ thuật',1,1);
insert  into `fee`(`feeId`,`name`,`type`,`feeGroupId`) values (4,'Múa',1,1);
insert  into `fee`(`feeId`,`name`,`type`,`feeGroupId`) values (5,'Đàn',1,1);
insert  into `fee`(`feeId`,`name`,`type`,`feeGroupId`) values (6,'Kĩ năng sống',1,1);
insert  into `fee`(`feeId`,`name`,`type`,`feeGroupId`) values (7,'Tiếng Anh',1,1);
insert  into `fee`(`feeId`,`name`,`type`,`feeGroupId`) values (8,'Toán tư duy nhanh',1,1);
insert  into `fee`(`feeId`,`name`,`type`,`feeGroupId`) values (9,'Hỗ trợ hè',0,2);
insert  into `fee`(`feeId`,`name`,`type`,`feeGroupId`) values (10,'TBHL Hè',1,2);

/*Data for the table `course` */

insert  into `course`(`courseId`,`endYear`,`startYear`) values (1,2014,2010);
insert  into `course`(`courseId`,`endYear`,`startYear`) values (2,2015,2011);
insert  into `course`(`courseId`,`endYear`,`startYear`) values (3,2016,2012);
insert  into `course`(`courseId`,`endYear`,`startYear`) values (4,2017,2013);
insert  into `course`(`courseId`,`endYear`,`startYear`) values (5,2018,2014);

/*Data for the table `class` */

insert  into `class`(`classId`,`code`,`grade`,`courseId`) values (1,'A5',3,1);
insert  into `class`(`classId`,`code`,`grade`,`courseId`) values (2,'B4',2,2);
insert  into `class`(`classId`,`code`,`grade`,`courseId`) values (3,'C3',1,3);
insert  into `class`(`classId`,`code`,`grade`,`courseId`) values (4,'D2',0,4);

/*Data for the table `month` */

insert  into `month`(`monthId`,`month`,`year`) values (1,5,2014);
insert  into `month`(`monthId`,`month`,`year`) values (2,6,2014);
insert  into `month`(`monthId`,`month`,`year`) values (3,7,2014);

/*Data for the table `student` */

insert  into `student`(`studentId`,`address`,`dateOfBirth`,`description`,`gender`,`homePhone`,`isActive`,`name`,`classId`) values (1,'',NULL,'',0,'',0,'Nguyễn Lan Phương',1);
insert  into `student`(`studentId`,`address`,`dateOfBirth`,`description`,`gender`,`homePhone`,`isActive`,`name`,`classId`) values (2,'',NULL,'',0,'',0,'Lê Quang Linh',1);
insert  into `student`(`studentId`,`address`,`dateOfBirth`,`description`,`gender`,`homePhone`,`isActive`,`name`,`classId`) values (3,'',NULL,'',0,'',0,'Phạm Đức Minh',1);
insert  into `student`(`studentId`,`address`,`dateOfBirth`,`description`,`gender`,`homePhone`,`isActive`,`name`,`classId`) values (4,'',NULL,'',0,'',0,'Nguyễn H. K. Linh',1);
insert  into `student`(`studentId`,`address`,`dateOfBirth`,`description`,`gender`,`homePhone`,`isActive`,`name`,`classId`) values (5,'',NULL,'',0,'',0,'Đinh Gia Huy',1);
insert  into `student`(`studentId`,`address`,`dateOfBirth`,`description`,`gender`,`homePhone`,`isActive`,`name`,`classId`) values (6,'',NULL,'',0,'',0,'Lê Ngọc Ánh',1);
insert  into `student`(`studentId`,`address`,`dateOfBirth`,`description`,`gender`,`homePhone`,`isActive`,`name`,`classId`) values (7,'',NULL,'',0,'',0,'Trần Thùy Anh',1);
insert  into `student`(`studentId`,`address`,`dateOfBirth`,`description`,`gender`,`homePhone`,`isActive`,`name`,`classId`) values (8,'',NULL,'',0,'',0,'Nguyễn Minh Quang',1);
insert  into `student`(`studentId`,`address`,`dateOfBirth`,`description`,`gender`,`homePhone`,`isActive`,`name`,`classId`) values (9,'',NULL,'',0,'',0,'Nguyễn Ngọc Diệp',1);
insert  into `student`(`studentId`,`address`,`dateOfBirth`,`description`,`gender`,`homePhone`,`isActive`,`name`,`classId`) values (10,'',NULL,'',0,'',0,'Nguyễn Quỳnh Chi',1);
insert  into `student`(`studentId`,`address`,`dateOfBirth`,`description`,`gender`,`homePhone`,`isActive`,`name`,`classId`) values (11,'',NULL,'',0,'',0,'Trần Nguyệt Minh',1);
insert  into `student`(`studentId`,`address`,`dateOfBirth`,`description`,`gender`,`homePhone`,`isActive`,`name`,`classId`) values (12,'',NULL,'',0,'',0,'Đỗ Vân Anh',1);
insert  into `student`(`studentId`,`address`,`dateOfBirth`,`description`,`gender`,`homePhone`,`isActive`,`name`,`classId`) values (13,'',NULL,'',0,'',0,'Trần Lâm Thùy Anh',1);
insert  into `student`(`studentId`,`address`,`dateOfBirth`,`description`,`gender`,`homePhone`,`isActive`,`name`,`classId`) values (14,'',NULL,'',0,'',0,'Nguyễn N. K Huyền',1);
insert  into `student`(`studentId`,`address`,`dateOfBirth`,`description`,`gender`,`homePhone`,`isActive`,`name`,`classId`) values (15,'',NULL,'',1,'',0,'Nguyễn Đức Minh',1);
insert  into `student`(`studentId`,`address`,`dateOfBirth`,`description`,`gender`,`homePhone`,`isActive`,`name`,`classId`) values (16,'',NULL,'',0,'',0,'Nguyễn Đức Thắng',1);
insert  into `student`(`studentId`,`address`,`dateOfBirth`,`description`,`gender`,`homePhone`,`isActive`,`name`,`classId`) values (17,'',NULL,'',0,'',0,'Trần Bảo Nhi',1);
insert  into `student`(`studentId`,`address`,`dateOfBirth`,`description`,`gender`,`homePhone`,`isActive`,`name`,`classId`) values (18,'',NULL,'',0,'',0,'Đỗ Tuyết Mai',1);
insert  into `student`(`studentId`,`address`,`dateOfBirth`,`description`,`gender`,`homePhone`,`isActive`,`name`,`classId`) values (19,'',NULL,'',0,'',0,'Vũ Văn Toàn',1);
insert  into `student`(`studentId`,`address`,`dateOfBirth`,`description`,`gender`,`homePhone`,`isActive`,`name`,`classId`) values (20,'',NULL,'',0,'',0,'Nguyễn Triệu Đô',1);
insert  into `student`(`studentId`,`address`,`dateOfBirth`,`description`,`gender`,`homePhone`,`isActive`,`name`,`classId`) values (21,'',NULL,'',1,'',0,'Nguyễn Xuân Hữu',1);
insert  into `student`(`studentId`,`address`,`dateOfBirth`,`description`,`gender`,`homePhone`,`isActive`,`name`,`classId`) values (22,'',NULL,'',0,'',0,'Nguyễn Quỳnh Anh',1);
insert  into `student`(`studentId`,`address`,`dateOfBirth`,`description`,`gender`,`homePhone`,`isActive`,`name`,`classId`) values (23,'',NULL,'',0,'',0,'Lương Quang Dũng',1);
insert  into `student`(`studentId`,`address`,`dateOfBirth`,`description`,`gender`,`homePhone`,`isActive`,`name`,`classId`) values (24,'',NULL,'',1,'',0,'Bùi Tuấn Nghĩa',1);
insert  into `student`(`studentId`,`address`,`dateOfBirth`,`description`,`gender`,`homePhone`,`isActive`,`name`,`classId`) values (25,'',NULL,'',0,'',0,'Nguyễn Khánh Linh C',1);
insert  into `student`(`studentId`,`address`,`dateOfBirth`,`description`,`gender`,`homePhone`,`isActive`,`name`,`classId`) values (26,'',NULL,'',0,'',0,'Nguyễn Thiền Đăng',1);
insert  into `student`(`studentId`,`address`,`dateOfBirth`,`description`,`gender`,`homePhone`,`isActive`,`name`,`classId`) values (27,'',NULL,'',0,'',0,'Hồ Bá An Duy',1);
insert  into `student`(`studentId`,`address`,`dateOfBirth`,`description`,`gender`,`homePhone`,`isActive`,`name`,`classId`) values (28,'',NULL,'',0,'',0,'Chu Tuệ Tâm',1);
insert  into `student`(`studentId`,`address`,`dateOfBirth`,`description`,`gender`,`homePhone`,`isActive`,`name`,`classId`) values (29,'',NULL,'',0,'',0,'Nguyễn T. N Linh',1);
insert  into `student`(`studentId`,`address`,`dateOfBirth`,`description`,`gender`,`homePhone`,`isActive`,`name`,`classId`) values (30,'',NULL,'',0,'',0,'Nguyễn Linh Chi',1);
insert  into `student`(`studentId`,`address`,`dateOfBirth`,`description`,`gender`,`homePhone`,`isActive`,`name`,`classId`) values (31,'',NULL,'',0,'',0,'Dương Tuệ San',1);
insert  into `student`(`studentId`,`address`,`dateOfBirth`,`description`,`gender`,`homePhone`,`isActive`,`name`,`classId`) values (32,'',NULL,'',1,'',0,'Ngô Ngọc Châu',2);
insert  into `student`(`studentId`,`address`,`dateOfBirth`,`description`,`gender`,`homePhone`,`isActive`,`name`,`classId`) values (33,'',NULL,'',0,'',0,'Nguyễn Thùy Linh',2);
insert  into `student`(`studentId`,`address`,`dateOfBirth`,`description`,`gender`,`homePhone`,`isActive`,`name`,`classId`) values (34,'',NULL,'',1,'',0,'Vũ Trí Kiệt',2);
insert  into `student`(`studentId`,`address`,`dateOfBirth`,`description`,`gender`,`homePhone`,`isActive`,`name`,`classId`) values (35,'',NULL,'',1,'',0,'Nguyễn Thành Trung',2);
insert  into `student`(`studentId`,`address`,`dateOfBirth`,`description`,`gender`,`homePhone`,`isActive`,`name`,`classId`) values (36,'',NULL,'',0,'',0,'Vũ Trần Tuệ Nhi',2);
insert  into `student`(`studentId`,`address`,`dateOfBirth`,`description`,`gender`,`homePhone`,`isActive`,`name`,`classId`) values (37,'',NULL,'',0,'',0,'Vũ Quỳnh Chi',2);
insert  into `student`(`studentId`,`address`,`dateOfBirth`,`description`,`gender`,`homePhone`,`isActive`,`name`,`classId`) values (38,'',NULL,'',0,'',0,'Phạm Thùy Chi',2);
insert  into `student`(`studentId`,`address`,`dateOfBirth`,`description`,`gender`,`homePhone`,`isActive`,`name`,`classId`) values (39,'',NULL,'',0,'',0,'Phí Mai Phương',2);
insert  into `student`(`studentId`,`address`,`dateOfBirth`,`description`,`gender`,`homePhone`,`isActive`,`name`,`classId`) values (40,'',NULL,'',1,'',0,'Lê Xuân Lộc',2);
insert  into `student`(`studentId`,`address`,`dateOfBirth`,`description`,`gender`,`homePhone`,`isActive`,`name`,`classId`) values (41,'',NULL,'',0,'',0,'Vũ Hà Linh',2);
insert  into `student`(`studentId`,`address`,`dateOfBirth`,`description`,`gender`,`homePhone`,`isActive`,`name`,`classId`) values (42,'',NULL,'',0,'',0,'Dương Quế Chi',2);
insert  into `student`(`studentId`,`address`,`dateOfBirth`,`description`,`gender`,`homePhone`,`isActive`,`name`,`classId`) values (43,'',NULL,'',0,'',0,'Phạm Nguyễn Phương Linh',2);
insert  into `student`(`studentId`,`address`,`dateOfBirth`,`description`,`gender`,`homePhone`,`isActive`,`name`,`classId`) values (44,'',NULL,'',1,'',0,'Nguyễn An Nam',2);
insert  into `student`(`studentId`,`address`,`dateOfBirth`,`description`,`gender`,`homePhone`,`isActive`,`name`,`classId`) values (45,'',NULL,'',0,'',0,'Nguyễn T. Uyển Nhi',2);
insert  into `student`(`studentId`,`address`,`dateOfBirth`,`description`,`gender`,`homePhone`,`isActive`,`name`,`classId`) values (46,'',NULL,'',0,'',0,'Dương Thanh Thảo',2);
insert  into `student`(`studentId`,`address`,`dateOfBirth`,`description`,`gender`,`homePhone`,`isActive`,`name`,`classId`) values (47,'',NULL,'',1,'',0,'Vũ Duy Anh',2);
insert  into `student`(`studentId`,`address`,`dateOfBirth`,`description`,`gender`,`homePhone`,`isActive`,`name`,`classId`) values (48,'',NULL,'',0,'',0,'Bùi Thanh Tâm',2);
insert  into `student`(`studentId`,`address`,`dateOfBirth`,`description`,`gender`,`homePhone`,`isActive`,`name`,`classId`) values (49,'',NULL,'',0,'',0,'Lê Thu Hương',2);
insert  into `student`(`studentId`,`address`,`dateOfBirth`,`description`,`gender`,`homePhone`,`isActive`,`name`,`classId`) values (50,'',NULL,'',0,'',0,'Lê Khánh Linh',2);
insert  into `student`(`studentId`,`address`,`dateOfBirth`,`description`,`gender`,`homePhone`,`isActive`,`name`,`classId`) values (51,'',NULL,'',1,'',0,'Vũ Thành Trung',2);
insert  into `student`(`studentId`,`address`,`dateOfBirth`,`description`,`gender`,`homePhone`,`isActive`,`name`,`classId`) values (52,'',NULL,'',1,'',0,'Hà Vũ Đức Anh',2);
insert  into `student`(`studentId`,`address`,`dateOfBirth`,`description`,`gender`,`homePhone`,`isActive`,`name`,`classId`) values (53,'',NULL,'',0,'',0,'Dương Yến Chi',2);
insert  into `student`(`studentId`,`address`,`dateOfBirth`,`description`,`gender`,`homePhone`,`isActive`,`name`,`classId`) values (54,'',NULL,'',1,'',0,'Trịnh Bảo Nam',2);
insert  into `student`(`studentId`,`address`,`dateOfBirth`,`description`,`gender`,`homePhone`,`isActive`,`name`,`classId`) values (55,'',NULL,'',0,'',0,'Nguyễn N. A Thư',2);
insert  into `student`(`studentId`,`address`,`dateOfBirth`,`description`,`gender`,`homePhone`,`isActive`,`name`,`classId`) values (56,'',NULL,'',0,'',0,'Nguyễn Hương Linh',2);
insert  into `student`(`studentId`,`address`,`dateOfBirth`,`description`,`gender`,`homePhone`,`isActive`,`name`,`classId`) values (57,'',NULL,'',1,'',0,'Trần Nguyễn Gia Huy',2);
insert  into `student`(`studentId`,`address`,`dateOfBirth`,`description`,`gender`,`homePhone`,`isActive`,`name`,`classId`) values (58,'',NULL,'',1,'',0,'Nguyễn T. Giang',2);
insert  into `student`(`studentId`,`address`,`dateOfBirth`,`description`,`gender`,`homePhone`,`isActive`,`name`,`classId`) values (60,'',NULL,'',0,'',0,'Nguyễn Bảo Trinh',2);
insert  into `student`(`studentId`,`address`,`dateOfBirth`,`description`,`gender`,`homePhone`,`isActive`,`name`,`classId`) values (61,'',NULL,'',1,'',0,'Ngô Gia Thành',2);
insert  into `student`(`studentId`,`address`,`dateOfBirth`,`description`,`gender`,`homePhone`,`isActive`,`name`,`classId`) values (62,'',NULL,'',1,'',0,'Nguyễn Sơn Tùng',3);
insert  into `student`(`studentId`,`address`,`dateOfBirth`,`description`,`gender`,`homePhone`,`isActive`,`name`,`classId`) values (63,'',NULL,'',1,'',0,'Vũ Nhất Dũng',3);
insert  into `student`(`studentId`,`address`,`dateOfBirth`,`description`,`gender`,`homePhone`,`isActive`,`name`,`classId`) values (64,'',NULL,'',1,'',0,'Nguyễn Tuấn Hưng',3);
insert  into `student`(`studentId`,`address`,`dateOfBirth`,`description`,`gender`,`homePhone`,`isActive`,`name`,`classId`) values (65,'',NULL,'',0,'',0,'Nguyễn Tuệ Minh',3);
insert  into `student`(`studentId`,`address`,`dateOfBirth`,`description`,`gender`,`homePhone`,`isActive`,`name`,`classId`) values (66,'',NULL,'',0,'',0,'Trương Minh Anh',3);
insert  into `student`(`studentId`,`address`,`dateOfBirth`,`description`,`gender`,`homePhone`,`isActive`,`name`,`classId`) values (67,'',NULL,'',1,'',0,'Tạ Đức Anh',3);
insert  into `student`(`studentId`,`address`,`dateOfBirth`,`description`,`gender`,`homePhone`,`isActive`,`name`,`classId`) values (68,'',NULL,'',1,'',0,'Phạm Khôi Nguyên',3);
insert  into `student`(`studentId`,`address`,`dateOfBirth`,`description`,`gender`,`homePhone`,`isActive`,`name`,`classId`) values (69,'',NULL,'',1,'',0,'Vũ Tuấn Nam',3);
insert  into `student`(`studentId`,`address`,`dateOfBirth`,`description`,`gender`,`homePhone`,`isActive`,`name`,`classId`) values (70,'',NULL,'',1,'',0,'Nguyễn N. Gia Bảo',3);
insert  into `student`(`studentId`,`address`,`dateOfBirth`,`description`,`gender`,`homePhone`,`isActive`,`name`,`classId`) values (71,'',NULL,'',1,'',0,'Vũ Gia Hưng',3);
insert  into `student`(`studentId`,`address`,`dateOfBirth`,`description`,`gender`,`homePhone`,`isActive`,`name`,`classId`) values (72,'',NULL,'',1,'',0,'Lê Gia Huy',3);
insert  into `student`(`studentId`,`address`,`dateOfBirth`,`description`,`gender`,`homePhone`,`isActive`,`name`,`classId`) values (73,'',NULL,'',1,'',0,'Nguyễn Như Cường',3);
insert  into `student`(`studentId`,`address`,`dateOfBirth`,`description`,`gender`,`homePhone`,`isActive`,`name`,`classId`) values (74,'',NULL,'',1,'',0,'Phạm Gia Long',3);
insert  into `student`(`studentId`,`address`,`dateOfBirth`,`description`,`gender`,`homePhone`,`isActive`,`name`,`classId`) values (75,'',NULL,'',1,'',0,'Nguyễn Cao Thắng',3);
insert  into `student`(`studentId`,`address`,`dateOfBirth`,`description`,`gender`,`homePhone`,`isActive`,`name`,`classId`) values (76,'',NULL,'',1,'',0,'Nguyễn Sơn Quân',3);
insert  into `student`(`studentId`,`address`,`dateOfBirth`,`description`,`gender`,`homePhone`,`isActive`,`name`,`classId`) values (77,'',NULL,'',1,'',0,'Trần Danh Thái',3);
insert  into `student`(`studentId`,`address`,`dateOfBirth`,`description`,`gender`,`homePhone`,`isActive`,`name`,`classId`) values (78,'',NULL,'',1,'',0,'Bùi Mạnh Quân',3);
insert  into `student`(`studentId`,`address`,`dateOfBirth`,`description`,`gender`,`homePhone`,`isActive`,`name`,`classId`) values (79,'',NULL,'',0,'',0,'Đặng Ngọc Diệp',3);
insert  into `student`(`studentId`,`address`,`dateOfBirth`,`description`,`gender`,`homePhone`,`isActive`,`name`,`classId`) values (80,'',NULL,'',0,'',0,'Đặng Bảo Hân',3);
insert  into `student`(`studentId`,`address`,`dateOfBirth`,`description`,`gender`,`homePhone`,`isActive`,`name`,`classId`) values (81,'',NULL,'',1,'',0,'Nguyễn Hoàng Thiên',3);
insert  into `student`(`studentId`,`address`,`dateOfBirth`,`description`,`gender`,`homePhone`,`isActive`,`name`,`classId`) values (82,'',NULL,'',0,'',0,'Trần Đ. Kim Ngân',3);
insert  into `student`(`studentId`,`address`,`dateOfBirth`,`description`,`gender`,`homePhone`,`isActive`,`name`,`classId`) values (83,'',NULL,'',1,'',0,'Vũ Duy Đức',3);
insert  into `student`(`studentId`,`address`,`dateOfBirth`,`description`,`gender`,`homePhone`,`isActive`,`name`,`classId`) values (84,'',NULL,'',0,'',0,'Nguyễn Minh Huyền',3);
insert  into `student`(`studentId`,`address`,`dateOfBirth`,`description`,`gender`,`homePhone`,`isActive`,`name`,`classId`) values (85,'',NULL,'',1,'',0,'Đỗ Bảo Khánh',3);
insert  into `student`(`studentId`,`address`,`dateOfBirth`,`description`,`gender`,`homePhone`,`isActive`,`name`,`classId`) values (86,'',NULL,'',0,'',0,'Dương Tuệ Minh',3);
insert  into `student`(`studentId`,`address`,`dateOfBirth`,`description`,`gender`,`homePhone`,`isActive`,`name`,`classId`) values (87,'',NULL,'',1,'',0,'Trần Đình Việt Anh',3);
insert  into `student`(`studentId`,`address`,`dateOfBirth`,`description`,`gender`,`homePhone`,`isActive`,`name`,`classId`) values (88,'',NULL,'',0,'',0,'Nguyễn Châu Anh',3);
insert  into `student`(`studentId`,`address`,`dateOfBirth`,`description`,`gender`,`homePhone`,`isActive`,`name`,`classId`) values (89,'',NULL,'',0,'',0,'Nguyễn Đỗ Hồng Chi',3);
insert  into `student`(`studentId`,`address`,`dateOfBirth`,`description`,`gender`,`homePhone`,`isActive`,`name`,`classId`) values (90,'',NULL,'',0,'',0,'Vũ Minh Phương',3);
insert  into `student`(`studentId`,`address`,`dateOfBirth`,`description`,`gender`,`homePhone`,`isActive`,`name`,`classId`) values (91,'',NULL,'',0,'',0,'Phạm M. A Thơ',3);
insert  into `student`(`studentId`,`address`,`dateOfBirth`,`description`,`gender`,`homePhone`,`isActive`,`name`,`classId`) values (93,'',NULL,'',1,'',0,'Nguyễn Hồng Đức',4);
insert  into `student`(`studentId`,`address`,`dateOfBirth`,`description`,`gender`,`homePhone`,`isActive`,`name`,`classId`) values (94,'',NULL,'',1,'',0,'Nguyễn Gia Phú',4);
insert  into `student`(`studentId`,`address`,`dateOfBirth`,`description`,`gender`,`homePhone`,`isActive`,`name`,`classId`) values (95,'',NULL,'',1,'',0,'Phạm Hoàng Phú',4);
insert  into `student`(`studentId`,`address`,`dateOfBirth`,`description`,`gender`,`homePhone`,`isActive`,`name`,`classId`) values (96,'',NULL,'',1,'',0,'Trần Định Nam',4);
insert  into `student`(`studentId`,`address`,`dateOfBirth`,`description`,`gender`,`homePhone`,`isActive`,`name`,`classId`) values (97,'',NULL,'',1,'',0,'Nguyễn Minh Trí',4);
insert  into `student`(`studentId`,`address`,`dateOfBirth`,`description`,`gender`,`homePhone`,`isActive`,`name`,`classId`) values (98,'',NULL,'',0,'',0,'Nguyễn Tây Trà',4);
insert  into `student`(`studentId`,`address`,`dateOfBirth`,`description`,`gender`,`homePhone`,`isActive`,`name`,`classId`) values (99,'',NULL,'',0,'',0,'Trần Hà Vy',4);
insert  into `student`(`studentId`,`address`,`dateOfBirth`,`description`,`gender`,`homePhone`,`isActive`,`name`,`classId`) values (100,'',NULL,'',1,'',0,'Trần Đình Tùng',4);
insert  into `student`(`studentId`,`address`,`dateOfBirth`,`description`,`gender`,`homePhone`,`isActive`,`name`,`classId`) values (101,'',NULL,'',0,'',0,'Hà Thanh Thảo',4);
insert  into `student`(`studentId`,`address`,`dateOfBirth`,`description`,`gender`,`homePhone`,`isActive`,`name`,`classId`) values (102,'',NULL,'',0,'',0,'Hứa Lưu Ly',4);
insert  into `student`(`studentId`,`address`,`dateOfBirth`,`description`,`gender`,`homePhone`,`isActive`,`name`,`classId`) values (103,'',NULL,'',0,'',0,'Lê Khánh Vy',4);
insert  into `student`(`studentId`,`address`,`dateOfBirth`,`description`,`gender`,`homePhone`,`isActive`,`name`,`classId`) values (104,'',NULL,'',1,'',0,'Lê Xuân Anh Quang',4);
insert  into `student`(`studentId`,`address`,`dateOfBirth`,`description`,`gender`,`homePhone`,`isActive`,`name`,`classId`) values (105,'',NULL,'',1,'',0,'Trần Quang Hà',4);
insert  into `student`(`studentId`,`address`,`dateOfBirth`,`description`,`gender`,`homePhone`,`isActive`,`name`,`classId`) values (106,'',NULL,'',0,'',0,'Trương Thảo Thảo',4);
insert  into `student`(`studentId`,`address`,`dateOfBirth`,`description`,`gender`,`homePhone`,`isActive`,`name`,`classId`) values (107,'',NULL,'',1,'',0,'Nguyễn Minh Đức',4);
insert  into `student`(`studentId`,`address`,`dateOfBirth`,`description`,`gender`,`homePhone`,`isActive`,`name`,`classId`) values (109,'',NULL,'',0,'',0,'Ngô Minh Ngọc',4);
insert  into `student`(`studentId`,`address`,`dateOfBirth`,`description`,`gender`,`homePhone`,`isActive`,`name`,`classId`) values (110,'',NULL,'',1,'',0,'Dương Đức Minh',4);
insert  into `student`(`studentId`,`address`,`dateOfBirth`,`description`,`gender`,`homePhone`,`isActive`,`name`,`classId`) values (111,'',NULL,'',1,'',0,'Trần Bảo Nam',4);
insert  into `student`(`studentId`,`address`,`dateOfBirth`,`description`,`gender`,`homePhone`,`isActive`,`name`,`classId`) values (112,'',NULL,'',1,'',0,'Trần Bảo Nam',4);
insert  into `student`(`studentId`,`address`,`dateOfBirth`,`description`,`gender`,`homePhone`,`isActive`,`name`,`classId`) values (113,'',NULL,'',0,'',0,'Nguyễn Phương Thảo',4);
insert  into `student`(`studentId`,`address`,`dateOfBirth`,`description`,`gender`,`homePhone`,`isActive`,`name`,`classId`) values (114,'',NULL,'',1,'',0,'Đỗ Đức Mạnh',4);
insert  into `student`(`studentId`,`address`,`dateOfBirth`,`description`,`gender`,`homePhone`,`isActive`,`name`,`classId`) values (115,'',NULL,'',0,'',0,'Nguyễn Thanh Trúc',4);
insert  into `student`(`studentId`,`address`,`dateOfBirth`,`description`,`gender`,`homePhone`,`isActive`,`name`,`classId`) values (116,'',NULL,'',0,'',0,'Nguyễn T. Giang',4);
insert  into `student`(`studentId`,`address`,`dateOfBirth`,`description`,`gender`,`homePhone`,`isActive`,`name`,`classId`) values (117,'',NULL,'',1,'',0,'Nguyễn Thành Trung',4);
insert  into `student`(`studentId`,`address`,`dateOfBirth`,`description`,`gender`,`homePhone`,`isActive`,`name`,`classId`) values (118,'',NULL,'',0,'',0,'Hoàng Châu Anh',3);
insert  into `student`(`studentId`,`address`,`dateOfBirth`,`description`,`gender`,`homePhone`,`isActive`,`name`,`classId`) values (119,'',NULL,'',1,'',0,'Đỗ Bảo Khánh',4);
insert  into `student`(`studentId`,`address`,`dateOfBirth`,`description`,`gender`,`homePhone`,`isActive`,`name`,`classId`) values (120,'',NULL,'',1,'',0,'Nguyễn Nhật Minh',2);
insert  into `student`(`studentId`,`address`,`dateOfBirth`,`description`,`gender`,`homePhone`,`isActive`,`name`,`classId`) values (121,'',NULL,'',0,'',0,'Đỗ Khánh Linh',3);
insert  into `student`(`studentId`,`address`,`dateOfBirth`,`description`,`gender`,`homePhone`,`isActive`,`name`,`classId`) values (122,'',NULL,'',0,'',0,'Nguyễn Phương Linh',4);
insert  into `student`(`studentId`,`address`,`dateOfBirth`,`description`,`gender`,`homePhone`,`isActive`,`name`,`classId`) values (123,'',NULL,'',1,'',0,'Lương Đức Anh',4);
insert  into `student`(`studentId`,`address`,`dateOfBirth`,`description`,`gender`,`homePhone`,`isActive`,`name`,`classId`) values (124,'',NULL,'',1,'',0,'Vũ Trung Hiếu',4);
insert  into `student`(`studentId`,`address`,`dateOfBirth`,`description`,`gender`,`homePhone`,`isActive`,`name`,`classId`) values (125,'',NULL,'',1,'',0,'Trương H. Minh Hùng',4);
insert  into `student`(`studentId`,`address`,`dateOfBirth`,`description`,`gender`,`homePhone`,`isActive`,`name`,`classId`) values (126,'',NULL,'',0,'',0,'Trịnh D. Nhật Anh',2);
insert  into `student`(`studentId`,`address`,`dateOfBirth`,`description`,`gender`,`homePhone`,`isActive`,`name`,`classId`) values (127,'',NULL,'',1,'',0,'Phạm T. Tuấn Hưng',3);
insert  into `student`(`studentId`,`address`,`dateOfBirth`,`description`,`gender`,`homePhone`,`isActive`,`name`,`classId`) values (128,'',NULL,'',1,'',0,'Đỗ Tuấn Tú',3);
insert  into `student`(`studentId`,`address`,`dateOfBirth`,`description`,`gender`,`homePhone`,`isActive`,`name`,`classId`) values (129,'',NULL,'',0,'',0,'Đinh Gia Hân',4);
insert  into `student`(`studentId`,`address`,`dateOfBirth`,`description`,`gender`,`homePhone`,`isActive`,`name`,`classId`) values (130,'',NULL,'',1,'',0,'Nguyễn Bình Minh',4);
insert  into `student`(`studentId`,`address`,`dateOfBirth`,`description`,`gender`,`homePhone`,`isActive`,`name`,`classId`) values (131,'',NULL,'',1,'',0,'Nguyễn Văn Đức',4);
insert  into `student`(`studentId`,`address`,`dateOfBirth`,`description`,`gender`,`homePhone`,`isActive`,`name`,`classId`) values (132,'',NULL,'',0,'',0,'Nguyễn Diệu Ngân',4);

/*Data for the table `fee_policy` */

insert  into `fee_policy`(`feePolicyId`,`availableDays`,`feePerNormalMeal`,`penaltyFeePerBreakfast`,`totalBreakfastFee`,`classId`,`monthId`) values (1,26,20000.0,6500.0,200000.0,1,1);
insert  into `fee_policy`(`feePolicyId`,`availableDays`,`feePerNormalMeal`,`penaltyFeePerBreakfast`,`totalBreakfastFee`,`classId`,`monthId`) values (2,26,20000.0,6500.0,200000.0,2,1);
insert  into `fee_policy`(`feePolicyId`,`availableDays`,`feePerNormalMeal`,`penaltyFeePerBreakfast`,`totalBreakfastFee`,`classId`,`monthId`) values (3,26,20000.0,6500.0,200000.0,3,1);
insert  into `fee_policy`(`feePolicyId`,`availableDays`,`feePerNormalMeal`,`penaltyFeePerBreakfast`,`totalBreakfastFee`,`classId`,`monthId`) values (4,26,20000.0,6500.0,200000.0,4,1);
insert  into `fee_policy`(`feePolicyId`,`availableDays`,`feePerNormalMeal`,`penaltyFeePerBreakfast`,`totalBreakfastFee`,`classId`,`monthId`) values (9,25,20000.0,6500.0,200000.0,1,2);
insert  into `fee_policy`(`feePolicyId`,`availableDays`,`feePerNormalMeal`,`penaltyFeePerBreakfast`,`totalBreakfastFee`,`classId`,`monthId`) values (10,25,20000.0,6500.0,200000.0,2,2);
insert  into `fee_policy`(`feePolicyId`,`availableDays`,`feePerNormalMeal`,`penaltyFeePerBreakfast`,`totalBreakfastFee`,`classId`,`monthId`) values (11,25,20000.0,6500.0,200000.0,3,2);
insert  into `fee_policy`(`feePolicyId`,`availableDays`,`feePerNormalMeal`,`penaltyFeePerBreakfast`,`totalBreakfastFee`,`classId`,`monthId`) values (12,25,20000.0,6500.0,200000.0,4,2);
insert  into `fee_policy`(`feePolicyId`,`availableDays`,`feePerNormalMeal`,`penaltyFeePerBreakfast`,`totalBreakfastFee`,`classId`,`monthId`) values (13,25,20000.0,6500.0,200000.0,4,3);
insert  into `fee_policy`(`feePolicyId`,`availableDays`,`feePerNormalMeal`,`penaltyFeePerBreakfast`,`totalBreakfastFee`,`classId`,`monthId`) values (14,25,20000.0,6500.0,200000.0,2,3);
insert  into `fee_policy`(`feePolicyId`,`availableDays`,`feePerNormalMeal`,`penaltyFeePerBreakfast`,`totalBreakfastFee`,`classId`,`monthId`) values (15,25,20000.0,6500.0,200000.0,3,3);

/*Data for the table `payment` */

insert  into `payment`(`paymentId`,`absenceCount`,`hasBreakfast`,`isPaid`,`note`,`totalBreakfastFee`,`totalFee`,`totalNormalMealFee`,`feePolicyId`,`studentId`) values (1,4,0,0,NULL,0.0,1240000.0,440000.0,1,13);
insert  into `payment`(`paymentId`,`absenceCount`,`hasBreakfast`,`isPaid`,`note`,`totalBreakfastFee`,`totalFee`,`totalNormalMealFee`,`feePolicyId`,`studentId`) values (2,3,0,0,NULL,0.0,1010000.0,460000.0,1,22);
insert  into `payment`(`paymentId`,`absenceCount`,`hasBreakfast`,`isPaid`,`note`,`totalBreakfastFee`,`totalFee`,`totalNormalMealFee`,`feePolicyId`,`studentId`) values (3,5,0,0,NULL,0.0,1220000.0,420000.0,1,12);
insert  into `payment`(`paymentId`,`absenceCount`,`hasBreakfast`,`isPaid`,`note`,`totalBreakfastFee`,`totalFee`,`totalNormalMealFee`,`feePolicyId`,`studentId`) values (4,1,0,0,NULL,0.0,1400000.0,500000.0,1,7);
insert  into `payment`(`paymentId`,`absenceCount`,`hasBreakfast`,`isPaid`,`note`,`totalBreakfastFee`,`totalFee`,`totalNormalMealFee`,`feePolicyId`,`studentId`) values (5,4,0,0,NULL,0.0,1490000.0,440000.0,1,6);
insert  into `payment`(`paymentId`,`absenceCount`,`hasBreakfast`,`isPaid`,`note`,`totalBreakfastFee`,`totalFee`,`totalNormalMealFee`,`feePolicyId`,`studentId`) values (6,0,0,0,NULL,0.0,1320000.0,520000.0,1,25);
insert  into `payment`(`paymentId`,`absenceCount`,`hasBreakfast`,`isPaid`,`note`,`totalBreakfastFee`,`totalFee`,`totalNormalMealFee`,`feePolicyId`,`studentId`) values (7,4,0,0,NULL,0.0,1340000.0,440000.0,1,30);
insert  into `payment`(`paymentId`,`absenceCount`,`hasBreakfast`,`isPaid`,`note`,`totalBreakfastFee`,`totalFee`,`totalNormalMealFee`,`feePolicyId`,`studentId`) values (8,4,0,0,NULL,0.0,1340000.0,440000.0,1,10);
insert  into `payment`(`paymentId`,`absenceCount`,`hasBreakfast`,`isPaid`,`note`,`totalBreakfastFee`,`totalFee`,`totalNormalMealFee`,`feePolicyId`,`studentId`) values (9,1,0,0,NULL,0.0,1300000.0,500000.0,1,9);
insert  into `payment`(`paymentId`,`absenceCount`,`hasBreakfast`,`isPaid`,`note`,`totalBreakfastFee`,`totalFee`,`totalNormalMealFee`,`feePolicyId`,`studentId`) values (10,9,0,0,NULL,0.0,1240000.0,340000.0,1,27);
insert  into `payment`(`paymentId`,`absenceCount`,`hasBreakfast`,`isPaid`,`note`,`totalBreakfastFee`,`totalFee`,`totalNormalMealFee`,`feePolicyId`,`studentId`) values (11,0,0,0,NULL,0.0,1320000.0,520000.0,1,23);
insert  into `payment`(`paymentId`,`absenceCount`,`hasBreakfast`,`isPaid`,`note`,`totalBreakfastFee`,`totalFee`,`totalNormalMealFee`,`feePolicyId`,`studentId`) values (12,0,0,0,NULL,0.0,1670000.0,520000.0,1,5);
insert  into `payment`(`paymentId`,`absenceCount`,`hasBreakfast`,`isPaid`,`note`,`totalBreakfastFee`,`totalFee`,`totalNormalMealFee`,`feePolicyId`,`studentId`) values (13,4,0,0,NULL,0.0,1540000.0,440000.0,1,14);
insert  into `payment`(`paymentId`,`absenceCount`,`hasBreakfast`,`isPaid`,`note`,`totalBreakfastFee`,`totalFee`,`totalNormalMealFee`,`feePolicyId`,`studentId`) values (14,0,0,0,NULL,0.0,1570000.0,520000.0,1,21);
insert  into `payment`(`paymentId`,`absenceCount`,`hasBreakfast`,`isPaid`,`note`,`totalBreakfastFee`,`totalFee`,`totalNormalMealFee`,`feePolicyId`,`studentId`) values (15,0,0,0,NULL,0.0,1320000.0,520000.0,1,2);
insert  into `payment`(`paymentId`,`absenceCount`,`hasBreakfast`,`isPaid`,`note`,`totalBreakfastFee`,`totalFee`,`totalNormalMealFee`,`feePolicyId`,`studentId`) values (16,0,0,0,NULL,0.0,1420000.0,520000.0,1,29);
insert  into `payment`(`paymentId`,`absenceCount`,`hasBreakfast`,`isPaid`,`note`,`totalBreakfastFee`,`totalFee`,`totalNormalMealFee`,`feePolicyId`,`studentId`) values (17,0,0,0,NULL,0.0,1570000.0,520000.0,1,4);
insert  into `payment`(`paymentId`,`absenceCount`,`hasBreakfast`,`isPaid`,`note`,`totalBreakfastFee`,`totalFee`,`totalNormalMealFee`,`feePolicyId`,`studentId`) values (18,0,0,0,NULL,0.0,1800000.0,520000.0,1,18);
insert  into `payment`(`paymentId`,`absenceCount`,`hasBreakfast`,`isPaid`,`note`,`totalBreakfastFee`,`totalFee`,`totalNormalMealFee`,`feePolicyId`,`studentId`) values (19,0,0,0,NULL,0.0,1700000.0,520000.0,1,11);
insert  into `payment`(`paymentId`,`absenceCount`,`hasBreakfast`,`isPaid`,`note`,`totalBreakfastFee`,`totalFee`,`totalNormalMealFee`,`feePolicyId`,`studentId`) values (20,0,0,0,NULL,0.0,1320000.0,520000.0,1,15);
insert  into `payment`(`paymentId`,`absenceCount`,`hasBreakfast`,`isPaid`,`note`,`totalBreakfastFee`,`totalFee`,`totalNormalMealFee`,`feePolicyId`,`studentId`) values (21,0,0,0,NULL,0.0,1520000.0,520000.0,1,3);
insert  into `payment`(`paymentId`,`absenceCount`,`hasBreakfast`,`isPaid`,`note`,`totalBreakfastFee`,`totalFee`,`totalNormalMealFee`,`feePolicyId`,`studentId`) values (22,0,0,0,NULL,0.0,1320000.0,520000.0,1,24);
insert  into `payment`(`paymentId`,`absenceCount`,`hasBreakfast`,`isPaid`,`note`,`totalBreakfastFee`,`totalFee`,`totalNormalMealFee`,`feePolicyId`,`studentId`) values (23,0,0,0,NULL,0.0,1470000.0,520000.0,1,17);
insert  into `payment`(`paymentId`,`absenceCount`,`hasBreakfast`,`isPaid`,`note`,`totalBreakfastFee`,`totalFee`,`totalNormalMealFee`,`feePolicyId`,`studentId`) values (24,0,0,0,NULL,0.0,1320000.0,520000.0,1,1);
insert  into `payment`(`paymentId`,`absenceCount`,`hasBreakfast`,`isPaid`,`note`,`totalBreakfastFee`,`totalFee`,`totalNormalMealFee`,`feePolicyId`,`studentId`) values (25,0,0,0,NULL,0.0,1320000.0,520000.0,1,8);
insert  into `payment`(`paymentId`,`absenceCount`,`hasBreakfast`,`isPaid`,`note`,`totalBreakfastFee`,`totalFee`,`totalNormalMealFee`,`feePolicyId`,`studentId`) values (26,0,0,0,NULL,0.0,1320000.0,520000.0,1,31);
insert  into `payment`(`paymentId`,`absenceCount`,`hasBreakfast`,`isPaid`,`note`,`totalBreakfastFee`,`totalFee`,`totalNormalMealFee`,`feePolicyId`,`studentId`) values (27,0,0,0,NULL,0.0,1320000.0,520000.0,1,16);
insert  into `payment`(`paymentId`,`absenceCount`,`hasBreakfast`,`isPaid`,`note`,`totalBreakfastFee`,`totalFee`,`totalNormalMealFee`,`feePolicyId`,`studentId`) values (28,0,0,0,NULL,0.0,1420000.0,520000.0,1,19);
insert  into `payment`(`paymentId`,`absenceCount`,`hasBreakfast`,`isPaid`,`note`,`totalBreakfastFee`,`totalFee`,`totalNormalMealFee`,`feePolicyId`,`studentId`) values (29,0,0,0,NULL,0.0,1320000.0,520000.0,1,28);
insert  into `payment`(`paymentId`,`absenceCount`,`hasBreakfast`,`isPaid`,`note`,`totalBreakfastFee`,`totalFee`,`totalNormalMealFee`,`feePolicyId`,`studentId`) values (30,0,0,0,NULL,0.0,1070000.0,520000.0,1,20);
insert  into `payment`(`paymentId`,`absenceCount`,`hasBreakfast`,`isPaid`,`note`,`totalBreakfastFee`,`totalFee`,`totalNormalMealFee`,`feePolicyId`,`studentId`) values (31,0,0,0,NULL,0.0,1570000.0,520000.0,1,26);
insert  into `payment`(`paymentId`,`absenceCount`,`hasBreakfast`,`isPaid`,`note`,`totalBreakfastFee`,`totalFee`,`totalNormalMealFee`,`feePolicyId`,`studentId`) values (32,0,0,0,NULL,0.0,1420000.0,520000.0,2,47);
insert  into `payment`(`paymentId`,`absenceCount`,`hasBreakfast`,`isPaid`,`note`,`totalBreakfastFee`,`totalFee`,`totalNormalMealFee`,`feePolicyId`,`studentId`) values (33,0,0,0,NULL,0.0,1320000.0,520000.0,2,52);
insert  into `payment`(`paymentId`,`absenceCount`,`hasBreakfast`,`isPaid`,`note`,`totalBreakfastFee`,`totalFee`,`totalNormalMealFee`,`feePolicyId`,`studentId`) values (34,0,0,0,NULL,0.0,1420000.0,520000.0,2,37);
insert  into `payment`(`paymentId`,`absenceCount`,`hasBreakfast`,`isPaid`,`note`,`totalBreakfastFee`,`totalFee`,`totalNormalMealFee`,`feePolicyId`,`studentId`) values (35,0,1,0,NULL,200000.0,1520000.0,520000.0,2,38);
insert  into `payment`(`paymentId`,`absenceCount`,`hasBreakfast`,`isPaid`,`note`,`totalBreakfastFee`,`totalFee`,`totalNormalMealFee`,`feePolicyId`,`studentId`) values (36,0,1,0,NULL,200000.0,1670000.0,520000.0,2,42);
insert  into `payment`(`paymentId`,`absenceCount`,`hasBreakfast`,`isPaid`,`note`,`totalBreakfastFee`,`totalFee`,`totalNormalMealFee`,`feePolicyId`,`studentId`) values (37,0,0,0,NULL,0.0,1320000.0,520000.0,2,53);
insert  into `payment`(`paymentId`,`absenceCount`,`hasBreakfast`,`isPaid`,`note`,`totalBreakfastFee`,`totalFee`,`totalNormalMealFee`,`feePolicyId`,`studentId`) values (38,0,0,0,NULL,0.0,1320000.0,520000.0,2,32);
insert  into `payment`(`paymentId`,`absenceCount`,`hasBreakfast`,`isPaid`,`note`,`totalBreakfastFee`,`totalFee`,`totalNormalMealFee`,`feePolicyId`,`studentId`) values (39,0,0,0,NULL,0.0,1750000.0,520000.0,2,58);
insert  into `payment`(`paymentId`,`absenceCount`,`hasBreakfast`,`isPaid`,`note`,`totalBreakfastFee`,`totalFee`,`totalNormalMealFee`,`feePolicyId`,`studentId`) values (40,0,0,0,NULL,0.0,1470000.0,520000.0,2,57);
insert  into `payment`(`paymentId`,`absenceCount`,`hasBreakfast`,`isPaid`,`note`,`totalBreakfastFee`,`totalFee`,`totalNormalMealFee`,`feePolicyId`,`studentId`) values (41,0,0,0,NULL,0.0,1370000.0,520000.0,2,49);
insert  into `payment`(`paymentId`,`absenceCount`,`hasBreakfast`,`isPaid`,`note`,`totalBreakfastFee`,`totalFee`,`totalNormalMealFee`,`feePolicyId`,`studentId`) values (42,0,0,0,NULL,0.0,1420000.0,520000.0,2,34);
insert  into `payment`(`paymentId`,`absenceCount`,`hasBreakfast`,`isPaid`,`note`,`totalBreakfastFee`,`totalFee`,`totalNormalMealFee`,`feePolicyId`,`studentId`) values (43,0,0,0,NULL,0.0,1320000.0,520000.0,2,33);
insert  into `payment`(`paymentId`,`absenceCount`,`hasBreakfast`,`isPaid`,`note`,`totalBreakfastFee`,`totalFee`,`totalNormalMealFee`,`feePolicyId`,`studentId`) values (44,0,0,0,NULL,0.0,1520000.0,520000.0,2,50);
insert  into `payment`(`paymentId`,`absenceCount`,`hasBreakfast`,`isPaid`,`note`,`totalBreakfastFee`,`totalFee`,`totalNormalMealFee`,`feePolicyId`,`studentId`) values (45,0,1,0,NULL,200000.0,1570000.0,520000.0,2,41);
insert  into `payment`(`paymentId`,`absenceCount`,`hasBreakfast`,`isPaid`,`note`,`totalBreakfastFee`,`totalFee`,`totalNormalMealFee`,`feePolicyId`,`studentId`) values (46,0,0,0,NULL,0.0,1620000.0,520000.0,2,43);
insert  into `payment`(`paymentId`,`absenceCount`,`hasBreakfast`,`isPaid`,`note`,`totalBreakfastFee`,`totalFee`,`totalNormalMealFee`,`feePolicyId`,`studentId`) values (47,0,0,0,NULL,0.0,1420000.0,520000.0,2,56);
insert  into `payment`(`paymentId`,`absenceCount`,`hasBreakfast`,`isPaid`,`note`,`totalBreakfastFee`,`totalFee`,`totalNormalMealFee`,`feePolicyId`,`studentId`) values (49,0,1,0,NULL,200000.0,1520000.0,520000.0,2,40);
insert  into `payment`(`paymentId`,`absenceCount`,`hasBreakfast`,`isPaid`,`note`,`totalBreakfastFee`,`totalFee`,`totalNormalMealFee`,`feePolicyId`,`studentId`) values (50,0,1,0,NULL,200000.0,1570000.0,520000.0,2,54);
insert  into `payment`(`paymentId`,`absenceCount`,`hasBreakfast`,`isPaid`,`note`,`totalBreakfastFee`,`totalFee`,`totalNormalMealFee`,`feePolicyId`,`studentId`) values (51,0,1,0,NULL,200000.0,1520000.0,520000.0,2,44);
insert  into `payment`(`paymentId`,`absenceCount`,`hasBreakfast`,`isPaid`,`note`,`totalBreakfastFee`,`totalFee`,`totalNormalMealFee`,`feePolicyId`,`studentId`) values (52,0,1,0,NULL,200000.0,2050000.0,520000.0,2,36);
insert  into `payment`(`paymentId`,`absenceCount`,`hasBreakfast`,`isPaid`,`note`,`totalBreakfastFee`,`totalFee`,`totalNormalMealFee`,`feePolicyId`,`studentId`) values (53,0,0,0,NULL,0.0,1420000.0,520000.0,2,45);
insert  into `payment`(`paymentId`,`absenceCount`,`hasBreakfast`,`isPaid`,`note`,`totalBreakfastFee`,`totalFee`,`totalNormalMealFee`,`feePolicyId`,`studentId`) values (54,0,1,0,NULL,200000.0,1900000.0,520000.0,2,39);
insert  into `payment`(`paymentId`,`absenceCount`,`hasBreakfast`,`isPaid`,`note`,`totalBreakfastFee`,`totalFee`,`totalNormalMealFee`,`feePolicyId`,`studentId`) values (55,0,0,0,NULL,0.0,1320000.0,520000.0,2,61);
insert  into `payment`(`paymentId`,`absenceCount`,`hasBreakfast`,`isPaid`,`note`,`totalBreakfastFee`,`totalFee`,`totalNormalMealFee`,`feePolicyId`,`studentId`) values (56,0,1,0,NULL,200000.0,1520000.0,520000.0,2,46);
insert  into `payment`(`paymentId`,`absenceCount`,`hasBreakfast`,`isPaid`,`note`,`totalBreakfastFee`,`totalFee`,`totalNormalMealFee`,`feePolicyId`,`studentId`) values (57,0,0,0,NULL,0.0,1320000.0,520000.0,2,55);
insert  into `payment`(`paymentId`,`absenceCount`,`hasBreakfast`,`isPaid`,`note`,`totalBreakfastFee`,`totalFee`,`totalNormalMealFee`,`feePolicyId`,`studentId`) values (58,0,0,0,NULL,0.0,1320000.0,520000.0,2,60);
insert  into `payment`(`paymentId`,`absenceCount`,`hasBreakfast`,`isPaid`,`note`,`totalBreakfastFee`,`totalFee`,`totalNormalMealFee`,`feePolicyId`,`studentId`) values (59,0,0,0,NULL,0.0,1320000.0,520000.0,2,51);
insert  into `payment`(`paymentId`,`absenceCount`,`hasBreakfast`,`isPaid`,`note`,`totalBreakfastFee`,`totalFee`,`totalNormalMealFee`,`feePolicyId`,`studentId`) values (60,1,1,0,NULL,193500.0,1493500.0,500000.0,2,35);
insert  into `payment`(`paymentId`,`absenceCount`,`hasBreakfast`,`isPaid`,`note`,`totalBreakfastFee`,`totalFee`,`totalNormalMealFee`,`feePolicyId`,`studentId`) values (61,0,1,0,NULL,200000.0,1820000.0,520000.0,2,48);
insert  into `payment`(`paymentId`,`absenceCount`,`hasBreakfast`,`isPaid`,`note`,`totalBreakfastFee`,`totalFee`,`totalNormalMealFee`,`feePolicyId`,`studentId`) values (62,0,0,0,NULL,0.0,820000.0,520000.0,3,66);
insert  into `payment`(`paymentId`,`absenceCount`,`hasBreakfast`,`isPaid`,`note`,`totalBreakfastFee`,`totalFee`,`totalNormalMealFee`,`feePolicyId`,`studentId`) values (63,0,0,0,NULL,0.0,1420000.0,520000.0,3,87);
insert  into `payment`(`paymentId`,`absenceCount`,`hasBreakfast`,`isPaid`,`note`,`totalBreakfastFee`,`totalFee`,`totalNormalMealFee`,`feePolicyId`,`studentId`) values (64,0,1,0,NULL,200000.0,1620000.0,520000.0,3,88);
insert  into `payment`(`paymentId`,`absenceCount`,`hasBreakfast`,`isPaid`,`note`,`totalBreakfastFee`,`totalFee`,`totalNormalMealFee`,`feePolicyId`,`studentId`) values (65,0,0,0,NULL,0.0,1420000.0,520000.0,3,67);
insert  into `payment`(`paymentId`,`absenceCount`,`hasBreakfast`,`isPaid`,`note`,`totalBreakfastFee`,`totalFee`,`totalNormalMealFee`,`feePolicyId`,`studentId`) values (66,0,1,0,NULL,200000.0,1620000.0,520000.0,3,70);
insert  into `payment`(`paymentId`,`absenceCount`,`hasBreakfast`,`isPaid`,`note`,`totalBreakfastFee`,`totalFee`,`totalNormalMealFee`,`feePolicyId`,`studentId`) values (67,0,0,0,NULL,0.0,1420000.0,520000.0,3,89);
insert  into `payment`(`paymentId`,`absenceCount`,`hasBreakfast`,`isPaid`,`note`,`totalBreakfastFee`,`totalFee`,`totalNormalMealFee`,`feePolicyId`,`studentId`) values (68,0,1,0,NULL,200000.0,1620000.0,520000.0,3,73);
insert  into `payment`(`paymentId`,`absenceCount`,`hasBreakfast`,`isPaid`,`note`,`totalBreakfastFee`,`totalFee`,`totalNormalMealFee`,`feePolicyId`,`studentId`) values (69,0,1,0,NULL,200000.0,1620000.0,520000.0,3,79);
insert  into `payment`(`paymentId`,`absenceCount`,`hasBreakfast`,`isPaid`,`note`,`totalBreakfastFee`,`totalFee`,`totalNormalMealFee`,`feePolicyId`,`studentId`) values (70,0,1,0,NULL,200000.0,1620000.0,520000.0,3,63);
insert  into `payment`(`paymentId`,`absenceCount`,`hasBreakfast`,`isPaid`,`note`,`totalBreakfastFee`,`totalFee`,`totalNormalMealFee`,`feePolicyId`,`studentId`) values (71,0,1,0,NULL,200000.0,1620000.0,520000.0,3,72);
insert  into `payment`(`paymentId`,`absenceCount`,`hasBreakfast`,`isPaid`,`note`,`totalBreakfastFee`,`totalFee`,`totalNormalMealFee`,`feePolicyId`,`studentId`) values (72,0,1,0,NULL,200000.0,1620000.0,520000.0,3,84);
insert  into `payment`(`paymentId`,`absenceCount`,`hasBreakfast`,`isPaid`,`note`,`totalBreakfastFee`,`totalFee`,`totalNormalMealFee`,`feePolicyId`,`studentId`) values (73,0,1,0,NULL,200000.0,1620000.0,520000.0,3,80);
insert  into `payment`(`paymentId`,`absenceCount`,`hasBreakfast`,`isPaid`,`note`,`totalBreakfastFee`,`totalFee`,`totalNormalMealFee`,`feePolicyId`,`studentId`) values (74,0,0,0,NULL,0.0,1420000.0,520000.0,3,71);
insert  into `payment`(`paymentId`,`absenceCount`,`hasBreakfast`,`isPaid`,`note`,`totalBreakfastFee`,`totalFee`,`totalNormalMealFee`,`feePolicyId`,`studentId`) values (75,0,0,0,NULL,0.0,1420000.0,520000.0,3,64);
insert  into `payment`(`paymentId`,`absenceCount`,`hasBreakfast`,`isPaid`,`note`,`totalBreakfastFee`,`totalFee`,`totalNormalMealFee`,`feePolicyId`,`studentId`) values (76,0,0,0,NULL,0.0,1420000.0,520000.0,3,85);
insert  into `payment`(`paymentId`,`absenceCount`,`hasBreakfast`,`isPaid`,`note`,`totalBreakfastFee`,`totalFee`,`totalNormalMealFee`,`feePolicyId`,`studentId`) values (77,0,0,0,NULL,0.0,1420000.0,520000.0,3,74);
insert  into `payment`(`paymentId`,`absenceCount`,`hasBreakfast`,`isPaid`,`note`,`totalBreakfastFee`,`totalFee`,`totalNormalMealFee`,`feePolicyId`,`studentId`) values (78,0,1,0,NULL,200000.0,1620000.0,520000.0,3,65);
insert  into `payment`(`paymentId`,`absenceCount`,`hasBreakfast`,`isPaid`,`note`,`totalBreakfastFee`,`totalFee`,`totalNormalMealFee`,`feePolicyId`,`studentId`) values (79,0,0,0,NULL,0.0,1420000.0,520000.0,3,86);
insert  into `payment`(`paymentId`,`absenceCount`,`hasBreakfast`,`isPaid`,`note`,`totalBreakfastFee`,`totalFee`,`totalNormalMealFee`,`feePolicyId`,`studentId`) values (80,0,0,0,NULL,0.0,1420000.0,520000.0,3,69);
insert  into `payment`(`paymentId`,`absenceCount`,`hasBreakfast`,`isPaid`,`note`,`totalBreakfastFee`,`totalFee`,`totalNormalMealFee`,`feePolicyId`,`studentId`) values (81,0,1,0,NULL,200000.0,1620000.0,520000.0,3,68);
insert  into `payment`(`paymentId`,`absenceCount`,`hasBreakfast`,`isPaid`,`note`,`totalBreakfastFee`,`totalFee`,`totalNormalMealFee`,`feePolicyId`,`studentId`) values (82,0,0,0,NULL,0.0,1420000.0,520000.0,3,82);
insert  into `payment`(`paymentId`,`absenceCount`,`hasBreakfast`,`isPaid`,`note`,`totalBreakfastFee`,`totalFee`,`totalNormalMealFee`,`feePolicyId`,`studentId`) values (83,0,0,0,NULL,0.0,1420000.0,520000.0,3,90);
insert  into `payment`(`paymentId`,`absenceCount`,`hasBreakfast`,`isPaid`,`note`,`totalBreakfastFee`,`totalFee`,`totalNormalMealFee`,`feePolicyId`,`studentId`) values (84,0,0,0,NULL,0.0,1420000.0,520000.0,3,76);
insert  into `payment`(`paymentId`,`absenceCount`,`hasBreakfast`,`isPaid`,`note`,`totalBreakfastFee`,`totalFee`,`totalNormalMealFee`,`feePolicyId`,`studentId`) values (85,0,0,0,NULL,0.0,1420000.0,520000.0,3,78);
insert  into `payment`(`paymentId`,`absenceCount`,`hasBreakfast`,`isPaid`,`note`,`totalBreakfastFee`,`totalFee`,`totalNormalMealFee`,`feePolicyId`,`studentId`) values (86,0,0,0,NULL,0.0,1420000.0,520000.0,3,77);
insert  into `payment`(`paymentId`,`absenceCount`,`hasBreakfast`,`isPaid`,`note`,`totalBreakfastFee`,`totalFee`,`totalNormalMealFee`,`feePolicyId`,`studentId`) values (87,0,1,0,NULL,200000.0,1620000.0,520000.0,3,81);
insert  into `payment`(`paymentId`,`absenceCount`,`hasBreakfast`,`isPaid`,`note`,`totalBreakfastFee`,`totalFee`,`totalNormalMealFee`,`feePolicyId`,`studentId`) values (88,0,1,0,NULL,200000.0,1620000.0,520000.0,3,75);
insert  into `payment`(`paymentId`,`absenceCount`,`hasBreakfast`,`isPaid`,`note`,`totalBreakfastFee`,`totalFee`,`totalNormalMealFee`,`feePolicyId`,`studentId`) values (89,0,0,0,NULL,0.0,1420000.0,520000.0,3,91);
insert  into `payment`(`paymentId`,`absenceCount`,`hasBreakfast`,`isPaid`,`note`,`totalBreakfastFee`,`totalFee`,`totalNormalMealFee`,`feePolicyId`,`studentId`) values (90,0,0,0,NULL,0.0,1420000.0,520000.0,3,62);
insert  into `payment`(`paymentId`,`absenceCount`,`hasBreakfast`,`isPaid`,`note`,`totalBreakfastFee`,`totalFee`,`totalNormalMealFee`,`feePolicyId`,`studentId`) values (91,0,0,0,NULL,0.0,1020000.0,520000.0,3,83);
insert  into `payment`(`paymentId`,`absenceCount`,`hasBreakfast`,`isPaid`,`note`,`totalBreakfastFee`,`totalFee`,`totalNormalMealFee`,`feePolicyId`,`studentId`) values (92,0,1,0,NULL,200000.0,1620000.0,520000.0,3,118);
insert  into `payment`(`paymentId`,`absenceCount`,`hasBreakfast`,`isPaid`,`note`,`totalBreakfastFee`,`totalFee`,`totalNormalMealFee`,`feePolicyId`,`studentId`) values (94,0,0,0,NULL,0.0,1420000.0,520000.0,4,116);
insert  into `payment`(`paymentId`,`absenceCount`,`hasBreakfast`,`isPaid`,`note`,`totalBreakfastFee`,`totalFee`,`totalNormalMealFee`,`feePolicyId`,`studentId`) values (95,0,0,0,NULL,0.0,1570000.0,520000.0,4,105);
insert  into `payment`(`paymentId`,`absenceCount`,`hasBreakfast`,`isPaid`,`note`,`totalBreakfastFee`,`totalFee`,`totalNormalMealFee`,`feePolicyId`,`studentId`) values (96,0,1,0,NULL,200000.0,1770000.0,520000.0,4,119);
insert  into `payment`(`paymentId`,`absenceCount`,`hasBreakfast`,`isPaid`,`note`,`totalBreakfastFee`,`totalFee`,`totalNormalMealFee`,`feePolicyId`,`studentId`) values (98,0,1,0,NULL,200000.0,1770000.0,520000.0,4,102);
insert  into `payment`(`paymentId`,`absenceCount`,`hasBreakfast`,`isPaid`,`note`,`totalBreakfastFee`,`totalFee`,`totalNormalMealFee`,`feePolicyId`,`studentId`) values (99,0,0,0,NULL,0.0,1570000.0,520000.0,4,114);
insert  into `payment`(`paymentId`,`absenceCount`,`hasBreakfast`,`isPaid`,`note`,`totalBreakfastFee`,`totalFee`,`totalNormalMealFee`,`feePolicyId`,`studentId`) values (100,0,1,0,NULL,200000.0,1770000.0,520000.0,4,110);
insert  into `payment`(`paymentId`,`absenceCount`,`hasBreakfast`,`isPaid`,`note`,`totalBreakfastFee`,`totalFee`,`totalNormalMealFee`,`feePolicyId`,`studentId`) values (101,0,0,0,NULL,0.0,1570000.0,520000.0,4,96);
insert  into `payment`(`paymentId`,`absenceCount`,`hasBreakfast`,`isPaid`,`note`,`totalBreakfastFee`,`totalFee`,`totalNormalMealFee`,`feePolicyId`,`studentId`) values (102,0,0,0,NULL,0.0,1570000.0,520000.0,4,112);
insert  into `payment`(`paymentId`,`absenceCount`,`hasBreakfast`,`isPaid`,`note`,`totalBreakfastFee`,`totalFee`,`totalNormalMealFee`,`feePolicyId`,`studentId`) values (103,0,0,0,NULL,0.0,1570000.0,520000.0,4,111);
insert  into `payment`(`paymentId`,`absenceCount`,`hasBreakfast`,`isPaid`,`note`,`totalBreakfastFee`,`totalFee`,`totalNormalMealFee`,`feePolicyId`,`studentId`) values (104,0,0,0,NULL,0.0,1570000.0,520000.0,4,109);
insert  into `payment`(`paymentId`,`absenceCount`,`hasBreakfast`,`isPaid`,`note`,`totalBreakfastFee`,`totalFee`,`totalNormalMealFee`,`feePolicyId`,`studentId`) values (105,0,0,0,NULL,0.0,1070000.0,520000.0,4,95);
insert  into `payment`(`paymentId`,`absenceCount`,`hasBreakfast`,`isPaid`,`note`,`totalBreakfastFee`,`totalFee`,`totalNormalMealFee`,`feePolicyId`,`studentId`) values (106,0,1,0,NULL,200000.0,1770000.0,520000.0,4,94);
insert  into `payment`(`paymentId`,`absenceCount`,`hasBreakfast`,`isPaid`,`note`,`totalBreakfastFee`,`totalFee`,`totalNormalMealFee`,`feePolicyId`,`studentId`) values (107,0,0,0,NULL,0.0,1570000.0,520000.0,4,104);
insert  into `payment`(`paymentId`,`absenceCount`,`hasBreakfast`,`isPaid`,`note`,`totalBreakfastFee`,`totalFee`,`totalNormalMealFee`,`feePolicyId`,`studentId`) values (108,0,0,0,NULL,0.0,1570000.0,520000.0,4,113);
insert  into `payment`(`paymentId`,`absenceCount`,`hasBreakfast`,`isPaid`,`note`,`totalBreakfastFee`,`totalFee`,`totalNormalMealFee`,`feePolicyId`,`studentId`) values (109,0,0,0,NULL,0.0,1570000.0,520000.0,4,101);
insert  into `payment`(`paymentId`,`absenceCount`,`hasBreakfast`,`isPaid`,`note`,`totalBreakfastFee`,`totalFee`,`totalNormalMealFee`,`feePolicyId`,`studentId`) values (110,0,0,0,NULL,0.0,1570000.0,520000.0,4,106);
insert  into `payment`(`paymentId`,`absenceCount`,`hasBreakfast`,`isPaid`,`note`,`totalBreakfastFee`,`totalFee`,`totalNormalMealFee`,`feePolicyId`,`studentId`) values (111,0,0,0,NULL,0.0,1570000.0,520000.0,4,98);
insert  into `payment`(`paymentId`,`absenceCount`,`hasBreakfast`,`isPaid`,`note`,`totalBreakfastFee`,`totalFee`,`totalNormalMealFee`,`feePolicyId`,`studentId`) values (112,0,0,0,NULL,0.0,1570000.0,520000.0,4,97);
insert  into `payment`(`paymentId`,`absenceCount`,`hasBreakfast`,`isPaid`,`note`,`totalBreakfastFee`,`totalFee`,`totalNormalMealFee`,`feePolicyId`,`studentId`) values (113,0,0,0,NULL,0.0,1420000.0,520000.0,4,117);
insert  into `payment`(`paymentId`,`absenceCount`,`hasBreakfast`,`isPaid`,`note`,`totalBreakfastFee`,`totalFee`,`totalNormalMealFee`,`feePolicyId`,`studentId`) values (114,0,0,0,NULL,0.0,1020000.0,520000.0,4,115);
insert  into `payment`(`paymentId`,`absenceCount`,`hasBreakfast`,`isPaid`,`note`,`totalBreakfastFee`,`totalFee`,`totalNormalMealFee`,`feePolicyId`,`studentId`) values (115,0,0,0,NULL,0.0,1570000.0,520000.0,4,100);
insert  into `payment`(`paymentId`,`absenceCount`,`hasBreakfast`,`isPaid`,`note`,`totalBreakfastFee`,`totalFee`,`totalNormalMealFee`,`feePolicyId`,`studentId`) values (116,0,0,0,NULL,0.0,1570000.0,520000.0,4,99);
insert  into `payment`(`paymentId`,`absenceCount`,`hasBreakfast`,`isPaid`,`note`,`totalBreakfastFee`,`totalFee`,`totalNormalMealFee`,`feePolicyId`,`studentId`) values (117,0,0,0,NULL,0.0,1570000.0,520000.0,4,103);
insert  into `payment`(`paymentId`,`absenceCount`,`hasBreakfast`,`isPaid`,`note`,`totalBreakfastFee`,`totalFee`,`totalNormalMealFee`,`feePolicyId`,`studentId`) values (118,0,1,0,NULL,200000.0,1770000.0,520000.0,4,93);
insert  into `payment`(`paymentId`,`absenceCount`,`hasBreakfast`,`isPaid`,`note`,`totalBreakfastFee`,`totalFee`,`totalNormalMealFee`,`feePolicyId`,`studentId`) values (119,0,0,0,NULL,0.0,1070000.0,520000.0,4,107);
insert  into `payment`(`paymentId`,`absenceCount`,`hasBreakfast`,`isPaid`,`note`,`totalBreakfastFee`,`totalFee`,`totalNormalMealFee`,`feePolicyId`,`studentId`) values (120,0,0,0,NULL,0.0,1570000.0,520000.0,4,123);
insert  into `payment`(`paymentId`,`absenceCount`,`hasBreakfast`,`isPaid`,`note`,`totalBreakfastFee`,`totalFee`,`totalNormalMealFee`,`feePolicyId`,`studentId`) values (121,0,1,0,NULL,200000.0,1770000.0,520000.0,4,124);
insert  into `payment`(`paymentId`,`absenceCount`,`hasBreakfast`,`isPaid`,`note`,`totalBreakfastFee`,`totalFee`,`totalNormalMealFee`,`feePolicyId`,`studentId`) values (122,0,0,0,NULL,0.0,1570000.0,520000.0,4,122);
insert  into `payment`(`paymentId`,`absenceCount`,`hasBreakfast`,`isPaid`,`note`,`totalBreakfastFee`,`totalFee`,`totalNormalMealFee`,`feePolicyId`,`studentId`) values (123,0,0,0,NULL,0.0,1420000.0,520000.0,3,121);
insert  into `payment`(`paymentId`,`absenceCount`,`hasBreakfast`,`isPaid`,`note`,`totalBreakfastFee`,`totalFee`,`totalNormalMealFee`,`feePolicyId`,`studentId`) values (124,0,0,0,NULL,0.0,1320000.0,520000.0,2,120);
insert  into `payment`(`paymentId`,`absenceCount`,`hasBreakfast`,`isPaid`,`note`,`totalBreakfastFee`,`totalFee`,`totalNormalMealFee`,`feePolicyId`,`studentId`) values (128,2,0,0,NULL,0.0,560000.0,460000.0,10,47);
insert  into `payment`(`paymentId`,`absenceCount`,`hasBreakfast`,`isPaid`,`note`,`totalBreakfastFee`,`totalFee`,`totalNormalMealFee`,`feePolicyId`,`studentId`) values (129,5,0,0,NULL,0.0,500000.0,400000.0,10,52);
insert  into `payment`(`paymentId`,`absenceCount`,`hasBreakfast`,`isPaid`,`note`,`totalBreakfastFee`,`totalFee`,`totalNormalMealFee`,`feePolicyId`,`studentId`) values (130,2,0,0,NULL,0.0,560000.0,460000.0,10,53);
insert  into `payment`(`paymentId`,`absenceCount`,`hasBreakfast`,`isPaid`,`note`,`totalBreakfastFee`,`totalFee`,`totalNormalMealFee`,`feePolicyId`,`studentId`) values (131,2,0,0,NULL,0.0,560000.0,460000.0,10,37);
insert  into `payment`(`paymentId`,`absenceCount`,`hasBreakfast`,`isPaid`,`note`,`totalBreakfastFee`,`totalFee`,`totalNormalMealFee`,`feePolicyId`,`studentId`) values (132,3,1,0,NULL,180500.0,720500.0,440000.0,10,38);
insert  into `payment`(`paymentId`,`absenceCount`,`hasBreakfast`,`isPaid`,`note`,`totalBreakfastFee`,`totalFee`,`totalNormalMealFee`,`feePolicyId`,`studentId`) values (133,4,1,0,NULL,174000.0,694000.0,420000.0,10,42);
insert  into `payment`(`paymentId`,`absenceCount`,`hasBreakfast`,`isPaid`,`note`,`totalBreakfastFee`,`totalFee`,`totalNormalMealFee`,`feePolicyId`,`studentId`) values (134,6,0,0,NULL,0.0,480000.0,380000.0,10,32);
insert  into `payment`(`paymentId`,`absenceCount`,`hasBreakfast`,`isPaid`,`note`,`totalBreakfastFee`,`totalFee`,`totalNormalMealFee`,`feePolicyId`,`studentId`) values (135,0,0,0,NULL,0.0,600000.0,500000.0,10,58);
insert  into `payment`(`paymentId`,`absenceCount`,`hasBreakfast`,`isPaid`,`note`,`totalBreakfastFee`,`totalFee`,`totalNormalMealFee`,`feePolicyId`,`studentId`) values (136,4,0,0,NULL,0.0,520000.0,420000.0,10,57);
insert  into `payment`(`paymentId`,`absenceCount`,`hasBreakfast`,`isPaid`,`note`,`totalBreakfastFee`,`totalFee`,`totalNormalMealFee`,`feePolicyId`,`studentId`) values (137,2,0,0,NULL,0.0,560000.0,460000.0,10,49);
insert  into `payment`(`paymentId`,`absenceCount`,`hasBreakfast`,`isPaid`,`note`,`totalBreakfastFee`,`totalFee`,`totalNormalMealFee`,`feePolicyId`,`studentId`) values (138,2,0,0,NULL,0.0,560000.0,460000.0,10,34);
insert  into `payment`(`paymentId`,`absenceCount`,`hasBreakfast`,`isPaid`,`note`,`totalBreakfastFee`,`totalFee`,`totalNormalMealFee`,`feePolicyId`,`studentId`) values (139,4,0,0,NULL,0.0,520000.0,420000.0,10,50);
insert  into `payment`(`paymentId`,`absenceCount`,`hasBreakfast`,`isPaid`,`note`,`totalBreakfastFee`,`totalFee`,`totalNormalMealFee`,`feePolicyId`,`studentId`) values (140,2,1,0,NULL,187000.0,747000.0,460000.0,10,41);
insert  into `payment`(`paymentId`,`absenceCount`,`hasBreakfast`,`isPaid`,`note`,`totalBreakfastFee`,`totalFee`,`totalNormalMealFee`,`feePolicyId`,`studentId`) values (141,4,0,0,NULL,0.0,520000.0,420000.0,10,56);
insert  into `payment`(`paymentId`,`absenceCount`,`hasBreakfast`,`isPaid`,`note`,`totalBreakfastFee`,`totalFee`,`totalNormalMealFee`,`feePolicyId`,`studentId`) values (142,6,0,0,NULL,0.0,480000.0,380000.0,10,43);
insert  into `payment`(`paymentId`,`absenceCount`,`hasBreakfast`,`isPaid`,`note`,`totalBreakfastFee`,`totalFee`,`totalNormalMealFee`,`feePolicyId`,`studentId`) values (143,4,0,0,NULL,0.0,520000.0,420000.0,10,33);
insert  into `payment`(`paymentId`,`absenceCount`,`hasBreakfast`,`isPaid`,`note`,`totalBreakfastFee`,`totalFee`,`totalNormalMealFee`,`feePolicyId`,`studentId`) values (144,7,1,0,NULL,154500.0,614500.0,360000.0,10,40);
insert  into `payment`(`paymentId`,`absenceCount`,`hasBreakfast`,`isPaid`,`note`,`totalBreakfastFee`,`totalFee`,`totalNormalMealFee`,`feePolicyId`,`studentId`) values (145,5,0,0,NULL,0.0,500000.0,400000.0,10,120);
insert  into `payment`(`paymentId`,`absenceCount`,`hasBreakfast`,`isPaid`,`note`,`totalBreakfastFee`,`totalFee`,`totalNormalMealFee`,`feePolicyId`,`studentId`) values (146,0,1,0,NULL,200000.0,800000.0,500000.0,10,54);
insert  into `payment`(`paymentId`,`absenceCount`,`hasBreakfast`,`isPaid`,`note`,`totalBreakfastFee`,`totalFee`,`totalNormalMealFee`,`feePolicyId`,`studentId`) values (147,4,1,0,NULL,174000.0,694000.0,420000.0,10,44);
insert  into `payment`(`paymentId`,`absenceCount`,`hasBreakfast`,`isPaid`,`note`,`totalBreakfastFee`,`totalFee`,`totalNormalMealFee`,`feePolicyId`,`studentId`) values (148,2,1,0,NULL,187000.0,747000.0,460000.0,10,36);
insert  into `payment`(`paymentId`,`absenceCount`,`hasBreakfast`,`isPaid`,`note`,`totalBreakfastFee`,`totalFee`,`totalNormalMealFee`,`feePolicyId`,`studentId`) values (149,7,0,0,NULL,0.0,460000.0,360000.0,10,45);
insert  into `payment`(`paymentId`,`absenceCount`,`hasBreakfast`,`isPaid`,`note`,`totalBreakfastFee`,`totalFee`,`totalNormalMealFee`,`feePolicyId`,`studentId`) values (150,2,0,0,NULL,0.0,560000.0,460000.0,10,39);
insert  into `payment`(`paymentId`,`absenceCount`,`hasBreakfast`,`isPaid`,`note`,`totalBreakfastFee`,`totalFee`,`totalNormalMealFee`,`feePolicyId`,`studentId`) values (151,9,0,0,NULL,0.0,420000.0,320000.0,10,61);
insert  into `payment`(`paymentId`,`absenceCount`,`hasBreakfast`,`isPaid`,`note`,`totalBreakfastFee`,`totalFee`,`totalNormalMealFee`,`feePolicyId`,`studentId`) values (152,5,0,0,NULL,0.0,500000.0,400000.0,10,46);
insert  into `payment`(`paymentId`,`absenceCount`,`hasBreakfast`,`isPaid`,`note`,`totalBreakfastFee`,`totalFee`,`totalNormalMealFee`,`feePolicyId`,`studentId`) values (153,4,0,0,NULL,0.0,520000.0,420000.0,10,55);
insert  into `payment`(`paymentId`,`absenceCount`,`hasBreakfast`,`isPaid`,`note`,`totalBreakfastFee`,`totalFee`,`totalNormalMealFee`,`feePolicyId`,`studentId`) values (154,4,0,0,NULL,0.0,520000.0,420000.0,10,60);
insert  into `payment`(`paymentId`,`absenceCount`,`hasBreakfast`,`isPaid`,`note`,`totalBreakfastFee`,`totalFee`,`totalNormalMealFee`,`feePolicyId`,`studentId`) values (155,2,0,0,NULL,0.0,560000.0,460000.0,10,35);
insert  into `payment`(`paymentId`,`absenceCount`,`hasBreakfast`,`isPaid`,`note`,`totalBreakfastFee`,`totalFee`,`totalNormalMealFee`,`feePolicyId`,`studentId`) values (156,2,0,0,NULL,0.0,560000.0,460000.0,10,51);
insert  into `payment`(`paymentId`,`absenceCount`,`hasBreakfast`,`isPaid`,`note`,`totalBreakfastFee`,`totalFee`,`totalNormalMealFee`,`feePolicyId`,`studentId`) values (157,6,1,0,NULL,161000.0,641000.0,380000.0,10,48);
insert  into `payment`(`paymentId`,`absenceCount`,`hasBreakfast`,`isPaid`,`note`,`totalBreakfastFee`,`totalFee`,`totalNormalMealFee`,`feePolicyId`,`studentId`) values (158,0,0,0,NULL,0.0,600000.0,500000.0,10,126);
insert  into `payment`(`paymentId`,`absenceCount`,`hasBreakfast`,`isPaid`,`note`,`totalBreakfastFee`,`totalFee`,`totalNormalMealFee`,`feePolicyId`,`studentId`) values (159,2,0,0,NULL,0.0,560000.0,460000.0,11,87);
insert  into `payment`(`paymentId`,`absenceCount`,`hasBreakfast`,`isPaid`,`note`,`totalBreakfastFee`,`totalFee`,`totalNormalMealFee`,`feePolicyId`,`studentId`) values (160,2,0,0,NULL,0.0,560000.0,460000.0,11,66);
insert  into `payment`(`paymentId`,`absenceCount`,`hasBreakfast`,`isPaid`,`note`,`totalBreakfastFee`,`totalFee`,`totalNormalMealFee`,`feePolicyId`,`studentId`) values (161,5,1,0,NULL,167500.0,667500.0,400000.0,11,88);
insert  into `payment`(`paymentId`,`absenceCount`,`hasBreakfast`,`isPaid`,`note`,`totalBreakfastFee`,`totalFee`,`totalNormalMealFee`,`feePolicyId`,`studentId`) values (162,2,0,0,NULL,0.0,560000.0,460000.0,11,67);
insert  into `payment`(`paymentId`,`absenceCount`,`hasBreakfast`,`isPaid`,`note`,`totalBreakfastFee`,`totalFee`,`totalNormalMealFee`,`feePolicyId`,`studentId`) values (163,2,1,0,NULL,187000.0,747000.0,460000.0,11,118);
insert  into `payment`(`paymentId`,`absenceCount`,`hasBreakfast`,`isPaid`,`note`,`totalBreakfastFee`,`totalFee`,`totalNormalMealFee`,`feePolicyId`,`studentId`) values (164,2,1,0,NULL,187000.0,747000.0,460000.0,11,70);
insert  into `payment`(`paymentId`,`absenceCount`,`hasBreakfast`,`isPaid`,`note`,`totalBreakfastFee`,`totalFee`,`totalNormalMealFee`,`feePolicyId`,`studentId`) values (165,12,0,0,NULL,0.0,360000.0,260000.0,11,89);
insert  into `payment`(`paymentId`,`absenceCount`,`hasBreakfast`,`isPaid`,`note`,`totalBreakfastFee`,`totalFee`,`totalNormalMealFee`,`feePolicyId`,`studentId`) values (166,5,1,0,NULL,167500.0,667500.0,400000.0,11,73);
insert  into `payment`(`paymentId`,`absenceCount`,`hasBreakfast`,`isPaid`,`note`,`totalBreakfastFee`,`totalFee`,`totalNormalMealFee`,`feePolicyId`,`studentId`) values (167,4,1,0,NULL,174000.0,694000.0,420000.0,11,79);
insert  into `payment`(`paymentId`,`absenceCount`,`hasBreakfast`,`isPaid`,`note`,`totalBreakfastFee`,`totalFee`,`totalNormalMealFee`,`feePolicyId`,`studentId`) values (168,5,0,0,NULL,0.0,500000.0,400000.0,11,63);
insert  into `payment`(`paymentId`,`absenceCount`,`hasBreakfast`,`isPaid`,`note`,`totalBreakfastFee`,`totalFee`,`totalNormalMealFee`,`feePolicyId`,`studentId`) values (169,12,1,0,NULL,122000.0,482000.0,260000.0,11,72);
insert  into `payment`(`paymentId`,`absenceCount`,`hasBreakfast`,`isPaid`,`note`,`totalBreakfastFee`,`totalFee`,`totalNormalMealFee`,`feePolicyId`,`studentId`) values (170,8,1,0,NULL,148000.0,588000.0,340000.0,11,84);
insert  into `payment`(`paymentId`,`absenceCount`,`hasBreakfast`,`isPaid`,`note`,`totalBreakfastFee`,`totalFee`,`totalNormalMealFee`,`feePolicyId`,`studentId`) values (171,2,1,0,NULL,187000.0,747000.0,460000.0,11,80);
insert  into `payment`(`paymentId`,`absenceCount`,`hasBreakfast`,`isPaid`,`note`,`totalBreakfastFee`,`totalFee`,`totalNormalMealFee`,`feePolicyId`,`studentId`) values (172,0,0,0,NULL,0.0,600000.0,500000.0,11,127);
insert  into `payment`(`paymentId`,`absenceCount`,`hasBreakfast`,`isPaid`,`note`,`totalBreakfastFee`,`totalFee`,`totalNormalMealFee`,`feePolicyId`,`studentId`) values (173,0,0,0,NULL,0.0,600000.0,500000.0,11,64);
insert  into `payment`(`paymentId`,`absenceCount`,`hasBreakfast`,`isPaid`,`note`,`totalBreakfastFee`,`totalFee`,`totalNormalMealFee`,`feePolicyId`,`studentId`) values (174,7,0,0,NULL,0.0,460000.0,360000.0,11,71);
insert  into `payment`(`paymentId`,`absenceCount`,`hasBreakfast`,`isPaid`,`note`,`totalBreakfastFee`,`totalFee`,`totalNormalMealFee`,`feePolicyId`,`studentId`) values (175,11,1,0,NULL,128500.0,508500.0,280000.0,11,85);
insert  into `payment`(`paymentId`,`absenceCount`,`hasBreakfast`,`isPaid`,`note`,`totalBreakfastFee`,`totalFee`,`totalNormalMealFee`,`feePolicyId`,`studentId`) values (176,3,0,0,NULL,0.0,540000.0,440000.0,11,121);
insert  into `payment`(`paymentId`,`absenceCount`,`hasBreakfast`,`isPaid`,`note`,`totalBreakfastFee`,`totalFee`,`totalNormalMealFee`,`feePolicyId`,`studentId`) values (177,6,0,0,NULL,0.0,480000.0,380000.0,11,74);
insert  into `payment`(`paymentId`,`absenceCount`,`hasBreakfast`,`isPaid`,`note`,`totalBreakfastFee`,`totalFee`,`totalNormalMealFee`,`feePolicyId`,`studentId`) values (178,3,0,0,NULL,0.0,540000.0,440000.0,11,86);
insert  into `payment`(`paymentId`,`absenceCount`,`hasBreakfast`,`isPaid`,`note`,`totalBreakfastFee`,`totalFee`,`totalNormalMealFee`,`feePolicyId`,`studentId`) values (179,8,1,0,NULL,148000.0,588000.0,340000.0,11,65);
insert  into `payment`(`paymentId`,`absenceCount`,`hasBreakfast`,`isPaid`,`note`,`totalBreakfastFee`,`totalFee`,`totalNormalMealFee`,`feePolicyId`,`studentId`) values (180,3,0,0,NULL,0.0,540000.0,440000.0,11,69);
insert  into `payment`(`paymentId`,`absenceCount`,`hasBreakfast`,`isPaid`,`note`,`totalBreakfastFee`,`totalFee`,`totalNormalMealFee`,`feePolicyId`,`studentId`) values (181,2,1,0,NULL,187000.0,747000.0,460000.0,11,68);
insert  into `payment`(`paymentId`,`absenceCount`,`hasBreakfast`,`isPaid`,`note`,`totalBreakfastFee`,`totalFee`,`totalNormalMealFee`,`feePolicyId`,`studentId`) values (182,8,0,0,NULL,0.0,440000.0,340000.0,11,82);
insert  into `payment`(`paymentId`,`absenceCount`,`hasBreakfast`,`isPaid`,`note`,`totalBreakfastFee`,`totalFee`,`totalNormalMealFee`,`feePolicyId`,`studentId`) values (183,7,0,0,NULL,0.0,460000.0,360000.0,11,90);
insert  into `payment`(`paymentId`,`absenceCount`,`hasBreakfast`,`isPaid`,`note`,`totalBreakfastFee`,`totalFee`,`totalNormalMealFee`,`feePolicyId`,`studentId`) values (184,0,0,0,NULL,0.0,600000.0,500000.0,11,76);
insert  into `payment`(`paymentId`,`absenceCount`,`hasBreakfast`,`isPaid`,`note`,`totalBreakfastFee`,`totalFee`,`totalNormalMealFee`,`feePolicyId`,`studentId`) values (185,5,0,0,NULL,0.0,500000.0,400000.0,11,78);
insert  into `payment`(`paymentId`,`absenceCount`,`hasBreakfast`,`isPaid`,`note`,`totalBreakfastFee`,`totalFee`,`totalNormalMealFee`,`feePolicyId`,`studentId`) values (186,8,0,0,NULL,0.0,440000.0,340000.0,11,77);
insert  into `payment`(`paymentId`,`absenceCount`,`hasBreakfast`,`isPaid`,`note`,`totalBreakfastFee`,`totalFee`,`totalNormalMealFee`,`feePolicyId`,`studentId`) values (187,25,0,0,NULL,0.0,100000.0,0.0,11,81);
insert  into `payment`(`paymentId`,`absenceCount`,`hasBreakfast`,`isPaid`,`note`,`totalBreakfastFee`,`totalFee`,`totalNormalMealFee`,`feePolicyId`,`studentId`) values (188,5,1,0,NULL,167500.0,667500.0,400000.0,11,75);
insert  into `payment`(`paymentId`,`absenceCount`,`hasBreakfast`,`isPaid`,`note`,`totalBreakfastFee`,`totalFee`,`totalNormalMealFee`,`feePolicyId`,`studentId`) values (189,0,1,0,NULL,200000.0,800000.0,500000.0,11,91);
insert  into `payment`(`paymentId`,`absenceCount`,`hasBreakfast`,`isPaid`,`note`,`totalBreakfastFee`,`totalFee`,`totalNormalMealFee`,`feePolicyId`,`studentId`) values (190,10,0,0,NULL,0.0,400000.0,300000.0,11,62);
insert  into `payment`(`paymentId`,`absenceCount`,`hasBreakfast`,`isPaid`,`note`,`totalBreakfastFee`,`totalFee`,`totalNormalMealFee`,`feePolicyId`,`studentId`) values (191,7,0,0,NULL,0.0,460000.0,360000.0,11,128);
insert  into `payment`(`paymentId`,`absenceCount`,`hasBreakfast`,`isPaid`,`note`,`totalBreakfastFee`,`totalFee`,`totalNormalMealFee`,`feePolicyId`,`studentId`) values (192,4,0,0,NULL,0.0,520000.0,420000.0,11,83);
insert  into `payment`(`paymentId`,`absenceCount`,`hasBreakfast`,`isPaid`,`note`,`totalBreakfastFee`,`totalFee`,`totalNormalMealFee`,`feePolicyId`,`studentId`) values (193,5,0,0,NULL,0.0,500000.0,400000.0,12,123);
insert  into `payment`(`paymentId`,`absenceCount`,`hasBreakfast`,`isPaid`,`note`,`totalBreakfastFee`,`totalFee`,`totalNormalMealFee`,`feePolicyId`,`studentId`) values (194,2,0,0,NULL,0.0,560000.0,460000.0,12,116);
insert  into `payment`(`paymentId`,`absenceCount`,`hasBreakfast`,`isPaid`,`note`,`totalBreakfastFee`,`totalFee`,`totalNormalMealFee`,`feePolicyId`,`studentId`) values (195,7,0,0,NULL,0.0,460000.0,360000.0,12,105);
insert  into `payment`(`paymentId`,`absenceCount`,`hasBreakfast`,`isPaid`,`note`,`totalBreakfastFee`,`totalFee`,`totalNormalMealFee`,`feePolicyId`,`studentId`) values (196,2,1,0,NULL,187000.0,747000.0,460000.0,12,124);
insert  into `payment`(`paymentId`,`absenceCount`,`hasBreakfast`,`isPaid`,`note`,`totalBreakfastFee`,`totalFee`,`totalNormalMealFee`,`feePolicyId`,`studentId`) values (197,4,1,0,NULL,174000.0,694000.0,420000.0,12,125);
insert  into `payment`(`paymentId`,`absenceCount`,`hasBreakfast`,`isPaid`,`note`,`totalBreakfastFee`,`totalFee`,`totalNormalMealFee`,`feePolicyId`,`studentId`) values (198,0,0,0,NULL,0.0,600000.0,500000.0,12,129);
insert  into `payment`(`paymentId`,`absenceCount`,`hasBreakfast`,`isPaid`,`note`,`totalBreakfastFee`,`totalFee`,`totalNormalMealFee`,`feePolicyId`,`studentId`) values (199,11,1,0,NULL,128500.0,508500.0,280000.0,12,119);
insert  into `payment`(`paymentId`,`absenceCount`,`hasBreakfast`,`isPaid`,`note`,`totalBreakfastFee`,`totalFee`,`totalNormalMealFee`,`feePolicyId`,`studentId`) values (200,2,0,0,NULL,0.0,560000.0,460000.0,12,122);
insert  into `payment`(`paymentId`,`absenceCount`,`hasBreakfast`,`isPaid`,`note`,`totalBreakfastFee`,`totalFee`,`totalNormalMealFee`,`feePolicyId`,`studentId`) values (201,4,1,0,NULL,174000.0,694000.0,420000.0,12,102);
insert  into `payment`(`paymentId`,`absenceCount`,`hasBreakfast`,`isPaid`,`note`,`totalBreakfastFee`,`totalFee`,`totalNormalMealFee`,`feePolicyId`,`studentId`) values (202,11,0,0,NULL,0.0,380000.0,280000.0,12,114);
insert  into `payment`(`paymentId`,`absenceCount`,`hasBreakfast`,`isPaid`,`note`,`totalBreakfastFee`,`totalFee`,`totalNormalMealFee`,`feePolicyId`,`studentId`) values (203,2,1,0,NULL,187000.0,747000.0,460000.0,12,110);
insert  into `payment`(`paymentId`,`absenceCount`,`hasBreakfast`,`isPaid`,`note`,`totalBreakfastFee`,`totalFee`,`totalNormalMealFee`,`feePolicyId`,`studentId`) values (204,0,0,0,NULL,0.0,600000.0,500000.0,12,130);
insert  into `payment`(`paymentId`,`absenceCount`,`hasBreakfast`,`isPaid`,`note`,`totalBreakfastFee`,`totalFee`,`totalNormalMealFee`,`feePolicyId`,`studentId`) values (205,10,0,0,NULL,0.0,400000.0,300000.0,12,111);
insert  into `payment`(`paymentId`,`absenceCount`,`hasBreakfast`,`isPaid`,`note`,`totalBreakfastFee`,`totalFee`,`totalNormalMealFee`,`feePolicyId`,`studentId`) values (206,4,0,0,NULL,0.0,520000.0,420000.0,12,96);
insert  into `payment`(`paymentId`,`absenceCount`,`hasBreakfast`,`isPaid`,`note`,`totalBreakfastFee`,`totalFee`,`totalNormalMealFee`,`feePolicyId`,`studentId`) values (207,12,0,0,NULL,0.0,360000.0,260000.0,12,112);
insert  into `payment`(`paymentId`,`absenceCount`,`hasBreakfast`,`isPaid`,`note`,`totalBreakfastFee`,`totalFee`,`totalNormalMealFee`,`feePolicyId`,`studentId`) values (208,6,0,0,NULL,0.0,480000.0,380000.0,12,109);
insert  into `payment`(`paymentId`,`absenceCount`,`hasBreakfast`,`isPaid`,`note`,`totalBreakfastFee`,`totalFee`,`totalNormalMealFee`,`feePolicyId`,`studentId`) values (209,10,1,0,NULL,135000.0,535000.0,300000.0,12,132);
insert  into `payment`(`paymentId`,`absenceCount`,`hasBreakfast`,`isPaid`,`note`,`totalBreakfastFee`,`totalFee`,`totalNormalMealFee`,`feePolicyId`,`studentId`) values (210,0,0,0,NULL,0.0,600000.0,500000.0,12,94);
insert  into `payment`(`paymentId`,`absenceCount`,`hasBreakfast`,`isPaid`,`note`,`totalBreakfastFee`,`totalFee`,`totalNormalMealFee`,`feePolicyId`,`studentId`) values (211,2,0,0,NULL,0.0,560000.0,460000.0,12,95);
insert  into `payment`(`paymentId`,`absenceCount`,`hasBreakfast`,`isPaid`,`note`,`totalBreakfastFee`,`totalFee`,`totalNormalMealFee`,`feePolicyId`,`studentId`) values (212,9,0,0,NULL,0.0,420000.0,320000.0,12,104);
insert  into `payment`(`paymentId`,`absenceCount`,`hasBreakfast`,`isPaid`,`note`,`totalBreakfastFee`,`totalFee`,`totalNormalMealFee`,`feePolicyId`,`studentId`) values (213,2,0,0,NULL,0.0,560000.0,460000.0,12,106);
insert  into `payment`(`paymentId`,`absenceCount`,`hasBreakfast`,`isPaid`,`note`,`totalBreakfastFee`,`totalFee`,`totalNormalMealFee`,`feePolicyId`,`studentId`) values (214,10,0,0,NULL,0.0,400000.0,300000.0,12,101);
insert  into `payment`(`paymentId`,`absenceCount`,`hasBreakfast`,`isPaid`,`note`,`totalBreakfastFee`,`totalFee`,`totalNormalMealFee`,`feePolicyId`,`studentId`) values (215,10,0,0,NULL,0.0,400000.0,300000.0,12,113);
insert  into `payment`(`paymentId`,`absenceCount`,`hasBreakfast`,`isPaid`,`note`,`totalBreakfastFee`,`totalFee`,`totalNormalMealFee`,`feePolicyId`,`studentId`) values (216,13,1,0,NULL,115500.0,455500.0,240000.0,12,98);
insert  into `payment`(`paymentId`,`absenceCount`,`hasBreakfast`,`isPaid`,`note`,`totalBreakfastFee`,`totalFee`,`totalNormalMealFee`,`feePolicyId`,`studentId`) values (217,4,0,0,NULL,0.0,520000.0,420000.0,12,97);
insert  into `payment`(`paymentId`,`absenceCount`,`hasBreakfast`,`isPaid`,`note`,`totalBreakfastFee`,`totalFee`,`totalNormalMealFee`,`feePolicyId`,`studentId`) values (218,3,0,0,NULL,0.0,540000.0,440000.0,12,117);
insert  into `payment`(`paymentId`,`absenceCount`,`hasBreakfast`,`isPaid`,`note`,`totalBreakfastFee`,`totalFee`,`totalNormalMealFee`,`feePolicyId`,`studentId`) values (219,2,0,0,NULL,0.0,560000.0,460000.0,12,115);
insert  into `payment`(`paymentId`,`absenceCount`,`hasBreakfast`,`isPaid`,`note`,`totalBreakfastFee`,`totalFee`,`totalNormalMealFee`,`feePolicyId`,`studentId`) values (220,8,0,0,NULL,0.0,440000.0,340000.0,12,100);
insert  into `payment`(`paymentId`,`absenceCount`,`hasBreakfast`,`isPaid`,`note`,`totalBreakfastFee`,`totalFee`,`totalNormalMealFee`,`feePolicyId`,`studentId`) values (221,4,0,0,NULL,0.0,520000.0,420000.0,12,99);
insert  into `payment`(`paymentId`,`absenceCount`,`hasBreakfast`,`isPaid`,`note`,`totalBreakfastFee`,`totalFee`,`totalNormalMealFee`,`feePolicyId`,`studentId`) values (222,5,0,0,NULL,0.0,500000.0,400000.0,12,103);
insert  into `payment`(`paymentId`,`absenceCount`,`hasBreakfast`,`isPaid`,`note`,`totalBreakfastFee`,`totalFee`,`totalNormalMealFee`,`feePolicyId`,`studentId`) values (223,6,0,0,NULL,0.0,480000.0,380000.0,12,107);
insert  into `payment`(`paymentId`,`absenceCount`,`hasBreakfast`,`isPaid`,`note`,`totalBreakfastFee`,`totalFee`,`totalNormalMealFee`,`feePolicyId`,`studentId`) values (224,2,1,0,NULL,187000.0,747000.0,460000.0,12,93);
insert  into `payment`(`paymentId`,`absenceCount`,`hasBreakfast`,`isPaid`,`note`,`totalBreakfastFee`,`totalFee`,`totalNormalMealFee`,`feePolicyId`,`studentId`) values (225,5,0,0,NULL,0.0,500000.0,400000.0,12,131);
insert  into `payment`(`paymentId`,`absenceCount`,`hasBreakfast`,`isPaid`,`note`,`totalBreakfastFee`,`totalFee`,`totalNormalMealFee`,`feePolicyId`,`studentId`) values (226,6,0,0,NULL,0.0,480000.0,380000.0,13,109);
insert  into `payment`(`paymentId`,`absenceCount`,`hasBreakfast`,`isPaid`,`note`,`totalBreakfastFee`,`totalFee`,`totalNormalMealFee`,`feePolicyId`,`studentId`) values (227,12,0,0,NULL,0.0,360000.0,260000.0,13,112);
insert  into `payment`(`paymentId`,`absenceCount`,`hasBreakfast`,`isPaid`,`note`,`totalBreakfastFee`,`totalFee`,`totalNormalMealFee`,`feePolicyId`,`studentId`) values (228,4,1,0,NULL,174000.0,694000.0,420000.0,13,125);
insert  into `payment`(`paymentId`,`absenceCount`,`hasBreakfast`,`isPaid`,`note`,`totalBreakfastFee`,`totalFee`,`totalNormalMealFee`,`feePolicyId`,`studentId`) values (229,7,0,0,NULL,0.0,460000.0,360000.0,13,105);
insert  into `payment`(`paymentId`,`absenceCount`,`hasBreakfast`,`isPaid`,`note`,`totalBreakfastFee`,`totalFee`,`totalNormalMealFee`,`feePolicyId`,`studentId`) values (230,5,0,0,NULL,0.0,500000.0,400000.0,13,123);
insert  into `payment`(`paymentId`,`absenceCount`,`hasBreakfast`,`isPaid`,`note`,`totalBreakfastFee`,`totalFee`,`totalNormalMealFee`,`feePolicyId`,`studentId`) values (231,2,0,0,NULL,0.0,560000.0,460000.0,13,95);
insert  into `payment`(`paymentId`,`absenceCount`,`hasBreakfast`,`isPaid`,`note`,`totalBreakfastFee`,`totalFee`,`totalNormalMealFee`,`feePolicyId`,`studentId`) values (232,10,0,0,NULL,0.0,400000.0,300000.0,13,111);
insert  into `payment`(`paymentId`,`absenceCount`,`hasBreakfast`,`isPaid`,`note`,`totalBreakfastFee`,`totalFee`,`totalNormalMealFee`,`feePolicyId`,`studentId`) values (233,0,0,0,NULL,0.0,600000.0,500000.0,13,130);
insert  into `payment`(`paymentId`,`absenceCount`,`hasBreakfast`,`isPaid`,`note`,`totalBreakfastFee`,`totalFee`,`totalNormalMealFee`,`feePolicyId`,`studentId`) values (234,2,0,0,NULL,0.0,560000.0,460000.0,13,122);
insert  into `payment`(`paymentId`,`absenceCount`,`hasBreakfast`,`isPaid`,`note`,`totalBreakfastFee`,`totalFee`,`totalNormalMealFee`,`feePolicyId`,`studentId`) values (235,13,1,0,NULL,115500.0,455500.0,240000.0,13,98);
insert  into `payment`(`paymentId`,`absenceCount`,`hasBreakfast`,`isPaid`,`note`,`totalBreakfastFee`,`totalFee`,`totalNormalMealFee`,`feePolicyId`,`studentId`) values (236,3,0,0,NULL,0.0,540000.0,440000.0,13,117);
insert  into `payment`(`paymentId`,`absenceCount`,`hasBreakfast`,`isPaid`,`note`,`totalBreakfastFee`,`totalFee`,`totalNormalMealFee`,`feePolicyId`,`studentId`) values (237,2,1,0,NULL,187000.0,747000.0,460000.0,13,124);
insert  into `payment`(`paymentId`,`absenceCount`,`hasBreakfast`,`isPaid`,`note`,`totalBreakfastFee`,`totalFee`,`totalNormalMealFee`,`feePolicyId`,`studentId`) values (238,8,0,0,NULL,0.0,440000.0,340000.0,13,100);
insert  into `payment`(`paymentId`,`absenceCount`,`hasBreakfast`,`isPaid`,`note`,`totalBreakfastFee`,`totalFee`,`totalNormalMealFee`,`feePolicyId`,`studentId`) values (239,10,1,0,NULL,135000.0,535000.0,300000.0,13,132);
insert  into `payment`(`paymentId`,`absenceCount`,`hasBreakfast`,`isPaid`,`note`,`totalBreakfastFee`,`totalFee`,`totalNormalMealFee`,`feePolicyId`,`studentId`) values (240,9,0,0,NULL,0.0,420000.0,320000.0,13,104);
insert  into `payment`(`paymentId`,`absenceCount`,`hasBreakfast`,`isPaid`,`note`,`totalBreakfastFee`,`totalFee`,`totalNormalMealFee`,`feePolicyId`,`studentId`) values (241,0,0,0,NULL,0.0,600000.0,500000.0,13,94);
insert  into `payment`(`paymentId`,`absenceCount`,`hasBreakfast`,`isPaid`,`note`,`totalBreakfastFee`,`totalFee`,`totalNormalMealFee`,`feePolicyId`,`studentId`) values (242,11,0,0,NULL,0.0,380000.0,280000.0,13,114);
insert  into `payment`(`paymentId`,`absenceCount`,`hasBreakfast`,`isPaid`,`note`,`totalBreakfastFee`,`totalFee`,`totalNormalMealFee`,`feePolicyId`,`studentId`) values (243,2,0,0,NULL,0.0,560000.0,460000.0,13,116);
insert  into `payment`(`paymentId`,`absenceCount`,`hasBreakfast`,`isPaid`,`note`,`totalBreakfastFee`,`totalFee`,`totalNormalMealFee`,`feePolicyId`,`studentId`) values (244,0,0,0,NULL,0.0,600000.0,500000.0,13,129);
insert  into `payment`(`paymentId`,`absenceCount`,`hasBreakfast`,`isPaid`,`note`,`totalBreakfastFee`,`totalFee`,`totalNormalMealFee`,`feePolicyId`,`studentId`) values (245,4,1,0,NULL,174000.0,694000.0,420000.0,13,102);
insert  into `payment`(`paymentId`,`absenceCount`,`hasBreakfast`,`isPaid`,`note`,`totalBreakfastFee`,`totalFee`,`totalNormalMealFee`,`feePolicyId`,`studentId`) values (246,4,0,0,NULL,0.0,520000.0,420000.0,13,99);
insert  into `payment`(`paymentId`,`absenceCount`,`hasBreakfast`,`isPaid`,`note`,`totalBreakfastFee`,`totalFee`,`totalNormalMealFee`,`feePolicyId`,`studentId`) values (247,2,0,0,NULL,0.0,560000.0,460000.0,13,106);
insert  into `payment`(`paymentId`,`absenceCount`,`hasBreakfast`,`isPaid`,`note`,`totalBreakfastFee`,`totalFee`,`totalNormalMealFee`,`feePolicyId`,`studentId`) values (248,4,0,0,NULL,0.0,520000.0,420000.0,13,97);
insert  into `payment`(`paymentId`,`absenceCount`,`hasBreakfast`,`isPaid`,`note`,`totalBreakfastFee`,`totalFee`,`totalNormalMealFee`,`feePolicyId`,`studentId`) values (249,11,1,0,NULL,128500.0,508500.0,280000.0,13,119);
insert  into `payment`(`paymentId`,`absenceCount`,`hasBreakfast`,`isPaid`,`note`,`totalBreakfastFee`,`totalFee`,`totalNormalMealFee`,`feePolicyId`,`studentId`) values (250,5,0,0,NULL,0.0,500000.0,400000.0,13,103);
insert  into `payment`(`paymentId`,`absenceCount`,`hasBreakfast`,`isPaid`,`note`,`totalBreakfastFee`,`totalFee`,`totalNormalMealFee`,`feePolicyId`,`studentId`) values (251,5,0,0,NULL,0.0,500000.0,400000.0,13,131);
insert  into `payment`(`paymentId`,`absenceCount`,`hasBreakfast`,`isPaid`,`note`,`totalBreakfastFee`,`totalFee`,`totalNormalMealFee`,`feePolicyId`,`studentId`) values (252,4,0,0,NULL,0.0,520000.0,420000.0,13,96);
insert  into `payment`(`paymentId`,`absenceCount`,`hasBreakfast`,`isPaid`,`note`,`totalBreakfastFee`,`totalFee`,`totalNormalMealFee`,`feePolicyId`,`studentId`) values (253,6,0,0,NULL,0.0,480000.0,380000.0,13,107);
insert  into `payment`(`paymentId`,`absenceCount`,`hasBreakfast`,`isPaid`,`note`,`totalBreakfastFee`,`totalFee`,`totalNormalMealFee`,`feePolicyId`,`studentId`) values (254,2,0,0,NULL,0.0,560000.0,460000.0,13,115);
insert  into `payment`(`paymentId`,`absenceCount`,`hasBreakfast`,`isPaid`,`note`,`totalBreakfastFee`,`totalFee`,`totalNormalMealFee`,`feePolicyId`,`studentId`) values (255,2,1,0,NULL,187000.0,747000.0,460000.0,13,93);
insert  into `payment`(`paymentId`,`absenceCount`,`hasBreakfast`,`isPaid`,`note`,`totalBreakfastFee`,`totalFee`,`totalNormalMealFee`,`feePolicyId`,`studentId`) values (256,10,0,0,NULL,0.0,400000.0,300000.0,13,101);
insert  into `payment`(`paymentId`,`absenceCount`,`hasBreakfast`,`isPaid`,`note`,`totalBreakfastFee`,`totalFee`,`totalNormalMealFee`,`feePolicyId`,`studentId`) values (257,10,0,0,NULL,0.0,400000.0,300000.0,13,113);
insert  into `payment`(`paymentId`,`absenceCount`,`hasBreakfast`,`isPaid`,`note`,`totalBreakfastFee`,`totalFee`,`totalNormalMealFee`,`feePolicyId`,`studentId`) values (258,2,1,0,NULL,187000.0,747000.0,460000.0,13,110);
insert  into `payment`(`paymentId`,`absenceCount`,`hasBreakfast`,`isPaid`,`note`,`totalBreakfastFee`,`totalFee`,`totalNormalMealFee`,`feePolicyId`,`studentId`) values (259,2,1,0,NULL,187000.0,747000.0,460000.0,14,41);
insert  into `payment`(`paymentId`,`absenceCount`,`hasBreakfast`,`isPaid`,`note`,`totalBreakfastFee`,`totalFee`,`totalNormalMealFee`,`feePolicyId`,`studentId`) values (260,0,0,0,NULL,0.0,600000.0,500000.0,14,126);
insert  into `payment`(`paymentId`,`absenceCount`,`hasBreakfast`,`isPaid`,`note`,`totalBreakfastFee`,`totalFee`,`totalNormalMealFee`,`feePolicyId`,`studentId`) values (261,7,1,0,NULL,154500.0,614500.0,360000.0,14,40);
insert  into `payment`(`paymentId`,`absenceCount`,`hasBreakfast`,`isPaid`,`note`,`totalBreakfastFee`,`totalFee`,`totalNormalMealFee`,`feePolicyId`,`studentId`) values (262,2,0,0,NULL,0.0,560000.0,460000.0,14,34);
insert  into `payment`(`paymentId`,`absenceCount`,`hasBreakfast`,`isPaid`,`note`,`totalBreakfastFee`,`totalFee`,`totalNormalMealFee`,`feePolicyId`,`studentId`) values (263,4,0,0,NULL,0.0,520000.0,420000.0,14,50);
insert  into `payment`(`paymentId`,`absenceCount`,`hasBreakfast`,`isPaid`,`note`,`totalBreakfastFee`,`totalFee`,`totalNormalMealFee`,`feePolicyId`,`studentId`) values (264,4,0,0,NULL,0.0,520000.0,420000.0,14,57);
insert  into `payment`(`paymentId`,`absenceCount`,`hasBreakfast`,`isPaid`,`note`,`totalBreakfastFee`,`totalFee`,`totalNormalMealFee`,`feePolicyId`,`studentId`) values (265,4,0,0,NULL,0.0,520000.0,420000.0,14,60);
insert  into `payment`(`paymentId`,`absenceCount`,`hasBreakfast`,`isPaid`,`note`,`totalBreakfastFee`,`totalFee`,`totalNormalMealFee`,`feePolicyId`,`studentId`) values (266,4,1,0,NULL,174000.0,694000.0,420000.0,14,42);
insert  into `payment`(`paymentId`,`absenceCount`,`hasBreakfast`,`isPaid`,`note`,`totalBreakfastFee`,`totalFee`,`totalNormalMealFee`,`feePolicyId`,`studentId`) values (267,3,1,0,NULL,180500.0,720500.0,440000.0,14,38);
insert  into `payment`(`paymentId`,`absenceCount`,`hasBreakfast`,`isPaid`,`note`,`totalBreakfastFee`,`totalFee`,`totalNormalMealFee`,`feePolicyId`,`studentId`) values (268,2,1,0,NULL,187000.0,747000.0,460000.0,14,36);
insert  into `payment`(`paymentId`,`absenceCount`,`hasBreakfast`,`isPaid`,`note`,`totalBreakfastFee`,`totalFee`,`totalNormalMealFee`,`feePolicyId`,`studentId`) values (269,4,0,0,NULL,0.0,520000.0,420000.0,14,55);
insert  into `payment`(`paymentId`,`absenceCount`,`hasBreakfast`,`isPaid`,`note`,`totalBreakfastFee`,`totalFee`,`totalNormalMealFee`,`feePolicyId`,`studentId`) values (270,2,0,0,NULL,0.0,560000.0,460000.0,14,53);
insert  into `payment`(`paymentId`,`absenceCount`,`hasBreakfast`,`isPaid`,`note`,`totalBreakfastFee`,`totalFee`,`totalNormalMealFee`,`feePolicyId`,`studentId`) values (271,9,0,0,NULL,0.0,420000.0,320000.0,14,61);
insert  into `payment`(`paymentId`,`absenceCount`,`hasBreakfast`,`isPaid`,`note`,`totalBreakfastFee`,`totalFee`,`totalNormalMealFee`,`feePolicyId`,`studentId`) values (272,0,0,0,NULL,0.0,600000.0,500000.0,14,58);
insert  into `payment`(`paymentId`,`absenceCount`,`hasBreakfast`,`isPaid`,`note`,`totalBreakfastFee`,`totalFee`,`totalNormalMealFee`,`feePolicyId`,`studentId`) values (273,2,0,0,NULL,0.0,560000.0,460000.0,14,39);
insert  into `payment`(`paymentId`,`absenceCount`,`hasBreakfast`,`isPaid`,`note`,`totalBreakfastFee`,`totalFee`,`totalNormalMealFee`,`feePolicyId`,`studentId`) values (274,5,0,0,NULL,0.0,500000.0,400000.0,14,46);
insert  into `payment`(`paymentId`,`absenceCount`,`hasBreakfast`,`isPaid`,`note`,`totalBreakfastFee`,`totalFee`,`totalNormalMealFee`,`feePolicyId`,`studentId`) values (275,5,0,0,NULL,0.0,500000.0,400000.0,14,120);
insert  into `payment`(`paymentId`,`absenceCount`,`hasBreakfast`,`isPaid`,`note`,`totalBreakfastFee`,`totalFee`,`totalNormalMealFee`,`feePolicyId`,`studentId`) values (276,2,0,0,NULL,0.0,560000.0,460000.0,14,35);
insert  into `payment`(`paymentId`,`absenceCount`,`hasBreakfast`,`isPaid`,`note`,`totalBreakfastFee`,`totalFee`,`totalNormalMealFee`,`feePolicyId`,`studentId`) values (277,4,0,0,NULL,0.0,520000.0,420000.0,14,33);
insert  into `payment`(`paymentId`,`absenceCount`,`hasBreakfast`,`isPaid`,`note`,`totalBreakfastFee`,`totalFee`,`totalNormalMealFee`,`feePolicyId`,`studentId`) values (278,6,0,0,NULL,0.0,480000.0,380000.0,14,32);
insert  into `payment`(`paymentId`,`absenceCount`,`hasBreakfast`,`isPaid`,`note`,`totalBreakfastFee`,`totalFee`,`totalNormalMealFee`,`feePolicyId`,`studentId`) values (279,0,1,0,NULL,200000.0,800000.0,500000.0,14,54);
insert  into `payment`(`paymentId`,`absenceCount`,`hasBreakfast`,`isPaid`,`note`,`totalBreakfastFee`,`totalFee`,`totalNormalMealFee`,`feePolicyId`,`studentId`) values (280,6,1,0,NULL,161000.0,641000.0,380000.0,14,48);
insert  into `payment`(`paymentId`,`absenceCount`,`hasBreakfast`,`isPaid`,`note`,`totalBreakfastFee`,`totalFee`,`totalNormalMealFee`,`feePolicyId`,`studentId`) values (281,6,0,0,NULL,0.0,480000.0,380000.0,14,43);
insert  into `payment`(`paymentId`,`absenceCount`,`hasBreakfast`,`isPaid`,`note`,`totalBreakfastFee`,`totalFee`,`totalNormalMealFee`,`feePolicyId`,`studentId`) values (282,2,0,0,NULL,0.0,560000.0,460000.0,14,37);
insert  into `payment`(`paymentId`,`absenceCount`,`hasBreakfast`,`isPaid`,`note`,`totalBreakfastFee`,`totalFee`,`totalNormalMealFee`,`feePolicyId`,`studentId`) values (283,2,0,0,NULL,0.0,560000.0,460000.0,14,51);
insert  into `payment`(`paymentId`,`absenceCount`,`hasBreakfast`,`isPaid`,`note`,`totalBreakfastFee`,`totalFee`,`totalNormalMealFee`,`feePolicyId`,`studentId`) values (284,5,0,0,NULL,0.0,500000.0,400000.0,14,52);
insert  into `payment`(`paymentId`,`absenceCount`,`hasBreakfast`,`isPaid`,`note`,`totalBreakfastFee`,`totalFee`,`totalNormalMealFee`,`feePolicyId`,`studentId`) values (285,7,0,0,NULL,0.0,460000.0,360000.0,14,45);
insert  into `payment`(`paymentId`,`absenceCount`,`hasBreakfast`,`isPaid`,`note`,`totalBreakfastFee`,`totalFee`,`totalNormalMealFee`,`feePolicyId`,`studentId`) values (286,4,1,0,NULL,174000.0,694000.0,420000.0,14,44);
insert  into `payment`(`paymentId`,`absenceCount`,`hasBreakfast`,`isPaid`,`note`,`totalBreakfastFee`,`totalFee`,`totalNormalMealFee`,`feePolicyId`,`studentId`) values (287,2,0,0,NULL,0.0,560000.0,460000.0,14,49);
insert  into `payment`(`paymentId`,`absenceCount`,`hasBreakfast`,`isPaid`,`note`,`totalBreakfastFee`,`totalFee`,`totalNormalMealFee`,`feePolicyId`,`studentId`) values (288,4,0,0,NULL,0.0,520000.0,420000.0,14,56);
insert  into `payment`(`paymentId`,`absenceCount`,`hasBreakfast`,`isPaid`,`note`,`totalBreakfastFee`,`totalFee`,`totalNormalMealFee`,`feePolicyId`,`studentId`) values (289,2,0,0,NULL,0.0,560000.0,460000.0,14,47);
insert  into `payment`(`paymentId`,`absenceCount`,`hasBreakfast`,`isPaid`,`note`,`totalBreakfastFee`,`totalFee`,`totalNormalMealFee`,`feePolicyId`,`studentId`) values (290,12,1,0,NULL,122000.0,482000.0,260000.0,15,72);
insert  into `payment`(`paymentId`,`absenceCount`,`hasBreakfast`,`isPaid`,`note`,`totalBreakfastFee`,`totalFee`,`totalNormalMealFee`,`feePolicyId`,`studentId`) values (291,2,0,0,NULL,0.0,560000.0,460000.0,15,87);
insert  into `payment`(`paymentId`,`absenceCount`,`hasBreakfast`,`isPaid`,`note`,`totalBreakfastFee`,`totalFee`,`totalNormalMealFee`,`feePolicyId`,`studentId`) values (292,3,0,0,NULL,0.0,540000.0,440000.0,15,86);
insert  into `payment`(`paymentId`,`absenceCount`,`hasBreakfast`,`isPaid`,`note`,`totalBreakfastFee`,`totalFee`,`totalNormalMealFee`,`feePolicyId`,`studentId`) values (293,25,0,0,NULL,0.0,100000.0,0.0,15,81);
insert  into `payment`(`paymentId`,`absenceCount`,`hasBreakfast`,`isPaid`,`note`,`totalBreakfastFee`,`totalFee`,`totalNormalMealFee`,`feePolicyId`,`studentId`) values (294,8,0,0,NULL,0.0,440000.0,340000.0,15,77);
insert  into `payment`(`paymentId`,`absenceCount`,`hasBreakfast`,`isPaid`,`note`,`totalBreakfastFee`,`totalFee`,`totalNormalMealFee`,`feePolicyId`,`studentId`) values (295,2,0,0,NULL,0.0,560000.0,460000.0,15,67);
insert  into `payment`(`paymentId`,`absenceCount`,`hasBreakfast`,`isPaid`,`note`,`totalBreakfastFee`,`totalFee`,`totalNormalMealFee`,`feePolicyId`,`studentId`) values (296,0,0,0,NULL,0.0,600000.0,500000.0,15,76);
insert  into `payment`(`paymentId`,`absenceCount`,`hasBreakfast`,`isPaid`,`note`,`totalBreakfastFee`,`totalFee`,`totalNormalMealFee`,`feePolicyId`,`studentId`) values (297,8,1,0,NULL,148000.0,588000.0,340000.0,15,84);
insert  into `payment`(`paymentId`,`absenceCount`,`hasBreakfast`,`isPaid`,`note`,`totalBreakfastFee`,`totalFee`,`totalNormalMealFee`,`feePolicyId`,`studentId`) values (298,2,1,0,NULL,187000.0,747000.0,460000.0,15,68);
insert  into `payment`(`paymentId`,`absenceCount`,`hasBreakfast`,`isPaid`,`note`,`totalBreakfastFee`,`totalFee`,`totalNormalMealFee`,`feePolicyId`,`studentId`) values (299,5,0,0,NULL,0.0,500000.0,400000.0,15,78);
insert  into `payment`(`paymentId`,`absenceCount`,`hasBreakfast`,`isPaid`,`note`,`totalBreakfastFee`,`totalFee`,`totalNormalMealFee`,`feePolicyId`,`studentId`) values (300,7,0,0,NULL,0.0,460000.0,360000.0,15,90);
insert  into `payment`(`paymentId`,`absenceCount`,`hasBreakfast`,`isPaid`,`note`,`totalBreakfastFee`,`totalFee`,`totalNormalMealFee`,`feePolicyId`,`studentId`) values (301,5,1,0,NULL,167500.0,667500.0,400000.0,15,73);
insert  into `payment`(`paymentId`,`absenceCount`,`hasBreakfast`,`isPaid`,`note`,`totalBreakfastFee`,`totalFee`,`totalNormalMealFee`,`feePolicyId`,`studentId`) values (302,0,0,0,NULL,0.0,600000.0,500000.0,15,64);
insert  into `payment`(`paymentId`,`absenceCount`,`hasBreakfast`,`isPaid`,`note`,`totalBreakfastFee`,`totalFee`,`totalNormalMealFee`,`feePolicyId`,`studentId`) values (303,2,0,0,NULL,0.0,560000.0,460000.0,15,66);
insert  into `payment`(`paymentId`,`absenceCount`,`hasBreakfast`,`isPaid`,`note`,`totalBreakfastFee`,`totalFee`,`totalNormalMealFee`,`feePolicyId`,`studentId`) values (304,2,1,0,NULL,187000.0,747000.0,460000.0,15,80);
insert  into `payment`(`paymentId`,`absenceCount`,`hasBreakfast`,`isPaid`,`note`,`totalBreakfastFee`,`totalFee`,`totalNormalMealFee`,`feePolicyId`,`studentId`) values (305,0,0,0,NULL,0.0,600000.0,500000.0,15,127);
insert  into `payment`(`paymentId`,`absenceCount`,`hasBreakfast`,`isPaid`,`note`,`totalBreakfastFee`,`totalFee`,`totalNormalMealFee`,`feePolicyId`,`studentId`) values (306,12,0,0,NULL,0.0,360000.0,260000.0,15,89);
insert  into `payment`(`paymentId`,`absenceCount`,`hasBreakfast`,`isPaid`,`note`,`totalBreakfastFee`,`totalFee`,`totalNormalMealFee`,`feePolicyId`,`studentId`) values (307,5,1,0,NULL,167500.0,667500.0,400000.0,15,88);
insert  into `payment`(`paymentId`,`absenceCount`,`hasBreakfast`,`isPaid`,`note`,`totalBreakfastFee`,`totalFee`,`totalNormalMealFee`,`feePolicyId`,`studentId`) values (308,2,1,0,NULL,187000.0,747000.0,460000.0,15,70);
insert  into `payment`(`paymentId`,`absenceCount`,`hasBreakfast`,`isPaid`,`note`,`totalBreakfastFee`,`totalFee`,`totalNormalMealFee`,`feePolicyId`,`studentId`) values (309,0,1,0,NULL,200000.0,800000.0,500000.0,15,91);
insert  into `payment`(`paymentId`,`absenceCount`,`hasBreakfast`,`isPaid`,`note`,`totalBreakfastFee`,`totalFee`,`totalNormalMealFee`,`feePolicyId`,`studentId`) values (310,10,0,0,NULL,0.0,400000.0,300000.0,15,62);
insert  into `payment`(`paymentId`,`absenceCount`,`hasBreakfast`,`isPaid`,`note`,`totalBreakfastFee`,`totalFee`,`totalNormalMealFee`,`feePolicyId`,`studentId`) values (311,3,0,0,NULL,0.0,540000.0,440000.0,15,69);
insert  into `payment`(`paymentId`,`absenceCount`,`hasBreakfast`,`isPaid`,`note`,`totalBreakfastFee`,`totalFee`,`totalNormalMealFee`,`feePolicyId`,`studentId`) values (312,11,1,0,NULL,128500.0,508500.0,280000.0,15,85);
insert  into `payment`(`paymentId`,`absenceCount`,`hasBreakfast`,`isPaid`,`note`,`totalBreakfastFee`,`totalFee`,`totalNormalMealFee`,`feePolicyId`,`studentId`) values (313,4,0,0,NULL,0.0,520000.0,420000.0,15,83);
insert  into `payment`(`paymentId`,`absenceCount`,`hasBreakfast`,`isPaid`,`note`,`totalBreakfastFee`,`totalFee`,`totalNormalMealFee`,`feePolicyId`,`studentId`) values (314,2,1,0,NULL,187000.0,747000.0,460000.0,15,118);
insert  into `payment`(`paymentId`,`absenceCount`,`hasBreakfast`,`isPaid`,`note`,`totalBreakfastFee`,`totalFee`,`totalNormalMealFee`,`feePolicyId`,`studentId`) values (315,7,0,0,NULL,0.0,460000.0,360000.0,15,71);
insert  into `payment`(`paymentId`,`absenceCount`,`hasBreakfast`,`isPaid`,`note`,`totalBreakfastFee`,`totalFee`,`totalNormalMealFee`,`feePolicyId`,`studentId`) values (316,8,0,0,NULL,0.0,440000.0,340000.0,15,82);
insert  into `payment`(`paymentId`,`absenceCount`,`hasBreakfast`,`isPaid`,`note`,`totalBreakfastFee`,`totalFee`,`totalNormalMealFee`,`feePolicyId`,`studentId`) values (317,5,0,0,NULL,0.0,500000.0,400000.0,15,63);
insert  into `payment`(`paymentId`,`absenceCount`,`hasBreakfast`,`isPaid`,`note`,`totalBreakfastFee`,`totalFee`,`totalNormalMealFee`,`feePolicyId`,`studentId`) values (318,6,0,0,NULL,0.0,480000.0,380000.0,15,74);
insert  into `payment`(`paymentId`,`absenceCount`,`hasBreakfast`,`isPaid`,`note`,`totalBreakfastFee`,`totalFee`,`totalNormalMealFee`,`feePolicyId`,`studentId`) values (319,5,1,0,NULL,167500.0,667500.0,400000.0,15,75);
insert  into `payment`(`paymentId`,`absenceCount`,`hasBreakfast`,`isPaid`,`note`,`totalBreakfastFee`,`totalFee`,`totalNormalMealFee`,`feePolicyId`,`studentId`) values (320,3,0,0,NULL,0.0,540000.0,440000.0,15,121);
insert  into `payment`(`paymentId`,`absenceCount`,`hasBreakfast`,`isPaid`,`note`,`totalBreakfastFee`,`totalFee`,`totalNormalMealFee`,`feePolicyId`,`studentId`) values (321,8,1,0,NULL,148000.0,588000.0,340000.0,15,65);
insert  into `payment`(`paymentId`,`absenceCount`,`hasBreakfast`,`isPaid`,`note`,`totalBreakfastFee`,`totalFee`,`totalNormalMealFee`,`feePolicyId`,`studentId`) values (322,4,1,0,NULL,174000.0,694000.0,420000.0,15,79);
insert  into `payment`(`paymentId`,`absenceCount`,`hasBreakfast`,`isPaid`,`note`,`totalBreakfastFee`,`totalFee`,`totalNormalMealFee`,`feePolicyId`,`studentId`) values (323,7,0,0,NULL,0.0,460000.0,360000.0,15,128);

/*Data for the table `alternative_fee_map` */

insert  into `alternative_fee_map`(`alternativeAmount`,`paymentId`,`feeId`) values (550000.0,2,1);
insert  into `alternative_fee_map`(`alternativeAmount`,`paymentId`,`feeId`) values (550000.0,30,1);
insert  into `alternative_fee_map`(`alternativeAmount`,`paymentId`,`feeId`) values (300000.0,62,1);
insert  into `alternative_fee_map`(`alternativeAmount`,`paymentId`,`feeId`) values (500000.0,91,1);
insert  into `alternative_fee_map`(`alternativeAmount`,`paymentId`,`feeId`) values (900000.0,94,1);
insert  into `alternative_fee_map`(`alternativeAmount`,`paymentId`,`feeId`) values (550000.0,105,1);
insert  into `alternative_fee_map`(`alternativeAmount`,`paymentId`,`feeId`) values (900000.0,113,1);
insert  into `alternative_fee_map`(`alternativeAmount`,`paymentId`,`feeId`) values (500000.0,114,1);
insert  into `alternative_fee_map`(`alternativeAmount`,`paymentId`,`feeId`) values (550000.0,119,1);
insert  into `alternative_fee_map`(`alternativeAmount`,`paymentId`,`feeId`) values (NULL,12,2);
insert  into `alternative_fee_map`(`alternativeAmount`,`paymentId`,`feeId`) values (NULL,21,2);
insert  into `alternative_fee_map`(`alternativeAmount`,`paymentId`,`feeId`) values (NULL,50,2);
insert  into `alternative_fee_map`(`alternativeAmount`,`paymentId`,`feeId`) values (NULL,4,3);
insert  into `alternative_fee_map`(`alternativeAmount`,`paymentId`,`feeId`) values (NULL,7,3);
insert  into `alternative_fee_map`(`alternativeAmount`,`paymentId`,`feeId`) values (NULL,12,3);
insert  into `alternative_fee_map`(`alternativeAmount`,`paymentId`,`feeId`) values (NULL,13,3);
insert  into `alternative_fee_map`(`alternativeAmount`,`paymentId`,`feeId`) values (NULL,18,3);
insert  into `alternative_fee_map`(`alternativeAmount`,`paymentId`,`feeId`) values (NULL,19,3);
insert  into `alternative_fee_map`(`alternativeAmount`,`paymentId`,`feeId`) values (NULL,21,3);
insert  into `alternative_fee_map`(`alternativeAmount`,`paymentId`,`feeId`) values (NULL,23,3);
insert  into `alternative_fee_map`(`alternativeAmount`,`paymentId`,`feeId`) values (NULL,44,3);
insert  into `alternative_fee_map`(`alternativeAmount`,`paymentId`,`feeId`) values (NULL,52,3);
insert  into `alternative_fee_map`(`alternativeAmount`,`paymentId`,`feeId`) values (NULL,53,3);
insert  into `alternative_fee_map`(`alternativeAmount`,`paymentId`,`feeId`) values (NULL,4,4);
insert  into `alternative_fee_map`(`alternativeAmount`,`paymentId`,`feeId`) values (NULL,7,4);
insert  into `alternative_fee_map`(`alternativeAmount`,`paymentId`,`feeId`) values (NULL,36,4);
insert  into `alternative_fee_map`(`alternativeAmount`,`paymentId`,`feeId`) values (NULL,41,4);
insert  into `alternative_fee_map`(`alternativeAmount`,`paymentId`,`feeId`) values (NULL,45,4);
insert  into `alternative_fee_map`(`alternativeAmount`,`paymentId`,`feeId`) values (NULL,46,4);
insert  into `alternative_fee_map`(`alternativeAmount`,`paymentId`,`feeId`) values (NULL,52,4);
insert  into `alternative_fee_map`(`alternativeAmount`,`paymentId`,`feeId`) values (NULL,53,4);
insert  into `alternative_fee_map`(`alternativeAmount`,`paymentId`,`feeId`) values (NULL,54,4);
insert  into `alternative_fee_map`(`alternativeAmount`,`paymentId`,`feeId`) values (NULL,61,4);
insert  into `alternative_fee_map`(`alternativeAmount`,`paymentId`,`feeId`) values (NULL,18,6);
insert  into `alternative_fee_map`(`alternativeAmount`,`paymentId`,`feeId`) values (NULL,19,6);
insert  into `alternative_fee_map`(`alternativeAmount`,`paymentId`,`feeId`) values (NULL,39,6);
insert  into `alternative_fee_map`(`alternativeAmount`,`paymentId`,`feeId`) values (NULL,52,6);
insert  into `alternative_fee_map`(`alternativeAmount`,`paymentId`,`feeId`) values (NULL,54,6);
insert  into `alternative_fee_map`(`alternativeAmount`,`paymentId`,`feeId`) values (NULL,5,7);
insert  into `alternative_fee_map`(`alternativeAmount`,`paymentId`,`feeId`) values (NULL,12,7);
insert  into `alternative_fee_map`(`alternativeAmount`,`paymentId`,`feeId`) values (NULL,13,7);
insert  into `alternative_fee_map`(`alternativeAmount`,`paymentId`,`feeId`) values (NULL,14,7);
insert  into `alternative_fee_map`(`alternativeAmount`,`paymentId`,`feeId`) values (NULL,17,7);
insert  into `alternative_fee_map`(`alternativeAmount`,`paymentId`,`feeId`) values (NULL,18,7);
insert  into `alternative_fee_map`(`alternativeAmount`,`paymentId`,`feeId`) values (NULL,19,7);
insert  into `alternative_fee_map`(`alternativeAmount`,`paymentId`,`feeId`) values (NULL,31,7);
insert  into `alternative_fee_map`(`alternativeAmount`,`paymentId`,`feeId`) values (NULL,39,7);
insert  into `alternative_fee_map`(`alternativeAmount`,`paymentId`,`feeId`) values (NULL,40,7);
insert  into `alternative_fee_map`(`alternativeAmount`,`paymentId`,`feeId`) values (NULL,44,7);
insert  into `alternative_fee_map`(`alternativeAmount`,`paymentId`,`feeId`) values (NULL,46,7);
insert  into `alternative_fee_map`(`alternativeAmount`,`paymentId`,`feeId`) values (NULL,52,7);
insert  into `alternative_fee_map`(`alternativeAmount`,`paymentId`,`feeId`) values (NULL,54,7);
insert  into `alternative_fee_map`(`alternativeAmount`,`paymentId`,`feeId`) values (NULL,61,7);
insert  into `alternative_fee_map`(`alternativeAmount`,`paymentId`,`feeId`) values (NULL,5,8);
insert  into `alternative_fee_map`(`alternativeAmount`,`paymentId`,`feeId`) values (NULL,8,8);
insert  into `alternative_fee_map`(`alternativeAmount`,`paymentId`,`feeId`) values (NULL,10,8);
insert  into `alternative_fee_map`(`alternativeAmount`,`paymentId`,`feeId`) values (NULL,12,8);
insert  into `alternative_fee_map`(`alternativeAmount`,`paymentId`,`feeId`) values (NULL,13,8);
insert  into `alternative_fee_map`(`alternativeAmount`,`paymentId`,`feeId`) values (NULL,14,8);
insert  into `alternative_fee_map`(`alternativeAmount`,`paymentId`,`feeId`) values (NULL,16,8);
insert  into `alternative_fee_map`(`alternativeAmount`,`paymentId`,`feeId`) values (NULL,17,8);
insert  into `alternative_fee_map`(`alternativeAmount`,`paymentId`,`feeId`) values (NULL,18,8);
insert  into `alternative_fee_map`(`alternativeAmount`,`paymentId`,`feeId`) values (NULL,21,8);
insert  into `alternative_fee_map`(`alternativeAmount`,`paymentId`,`feeId`) values (NULL,23,8);
insert  into `alternative_fee_map`(`alternativeAmount`,`paymentId`,`feeId`) values (NULL,28,8);
insert  into `alternative_fee_map`(`alternativeAmount`,`paymentId`,`feeId`) values (NULL,31,8);
insert  into `alternative_fee_map`(`alternativeAmount`,`paymentId`,`feeId`) values (NULL,32,8);
insert  into `alternative_fee_map`(`alternativeAmount`,`paymentId`,`feeId`) values (NULL,34,8);
insert  into `alternative_fee_map`(`alternativeAmount`,`paymentId`,`feeId`) values (NULL,36,8);
insert  into `alternative_fee_map`(`alternativeAmount`,`paymentId`,`feeId`) values (NULL,39,8);
insert  into `alternative_fee_map`(`alternativeAmount`,`paymentId`,`feeId`) values (NULL,42,8);
insert  into `alternative_fee_map`(`alternativeAmount`,`paymentId`,`feeId`) values (NULL,46,8);
insert  into `alternative_fee_map`(`alternativeAmount`,`paymentId`,`feeId`) values (NULL,47,8);
insert  into `alternative_fee_map`(`alternativeAmount`,`paymentId`,`feeId`) values (NULL,52,8);
insert  into `alternative_fee_map`(`alternativeAmount`,`paymentId`,`feeId`) values (NULL,61,8);

/*Data for the table `fee_map` */

insert  into `fee_map`(`amount`,`feePolicyId`,`feeId`) values (800000.0,1,1);
insert  into `fee_map`(`amount`,`feePolicyId`,`feeId`) values (800000.0,2,1);
insert  into `fee_map`(`amount`,`feePolicyId`,`feeId`) values (900000.0,3,1);
insert  into `fee_map`(`amount`,`feePolicyId`,`feeId`) values (1050000.0,4,1);
insert  into `fee_map`(`amount`,`feePolicyId`,`feeId`) values (50000.0,1,2);
insert  into `fee_map`(`amount`,`feePolicyId`,`feeId`) values (50000.0,2,2);
insert  into `fee_map`(`amount`,`feePolicyId`,`feeId`) values (50000.0,1,3);
insert  into `fee_map`(`amount`,`feePolicyId`,`feeId`) values (50000.0,2,3);
insert  into `fee_map`(`amount`,`feePolicyId`,`feeId`) values (50000.0,1,4);
insert  into `fee_map`(`amount`,`feePolicyId`,`feeId`) values (50000.0,2,4);
insert  into `fee_map`(`amount`,`feePolicyId`,`feeId`) values (50000.0,1,5);
insert  into `fee_map`(`amount`,`feePolicyId`,`feeId`) values (50000.0,2,5);
insert  into `fee_map`(`amount`,`feePolicyId`,`feeId`) values (180000.0,1,6);
insert  into `fee_map`(`amount`,`feePolicyId`,`feeId`) values (180000.0,2,6);
insert  into `fee_map`(`amount`,`feePolicyId`,`feeId`) values (150000.0,1,7);
insert  into `fee_map`(`amount`,`feePolicyId`,`feeId`) values (150000.0,2,7);
insert  into `fee_map`(`amount`,`feePolicyId`,`feeId`) values (100000.0,1,8);
insert  into `fee_map`(`amount`,`feePolicyId`,`feeId`) values (100000.0,2,8);
insert  into `fee_map`(`amount`,`feePolicyId`,`feeId`) values (100000.0,9,9);
insert  into `fee_map`(`amount`,`feePolicyId`,`feeId`) values (100000.0,10,9);
insert  into `fee_map`(`amount`,`feePolicyId`,`feeId`) values (100000.0,11,9);
insert  into `fee_map`(`amount`,`feePolicyId`,`feeId`) values (100000.0,12,9);
insert  into `fee_map`(`amount`,`feePolicyId`,`feeId`) values (100000.0,13,9);
insert  into `fee_map`(`amount`,`feePolicyId`,`feeId`) values (100000.0,14,9);
insert  into `fee_map`(`amount`,`feePolicyId`,`feeId`) values (100000.0,15,9);
insert  into `fee_map`(`amount`,`feePolicyId`,`feeId`) values (100000.0,10,10);
insert  into `fee_map`(`amount`,`feePolicyId`,`feeId`) values (100000.0,14,10);

